ID,NAME
1090,Jessie
1159,Melvin
1436,Hosea
1512,Ernst
1572,Finley
2069,Patrick
2088,Alex
2136,Phillip
2162,Marshall
2294,Foster
2904,Linn
296,Kenneth
3210,Preston
3414,Doc
3606,Colonel
3959,Harlow
4032,Sam
467,Dell
4821,Melton
4937,Odin
5325,Smith
5645,Arley
5925,Stonewall
6194,Grant
6240,Luke
675,Parley
691,Clara
829,Cato
125,Fredrick
1372,Lynn
1394,Allan
1669,Gaston
2110,Alonzo
2275,Winfield
2393,Fritz
2464,Smith
2756,Alcide
3015,Albert
3281,Emanuel
3368,Otho
3441,Jordan
3517,Simeon
3650,Bennett
3826,Ennis
3858,Morton
451,Issac
4838,Theo
4894,Emit
4975,Almond
5023,Roy
5067,Guy
5149,Jay
5523,Carey
5613,Carter
5657,Denis
6248,Karl
6366,Seth
800,Toney
853,Ferd
944,Duff
1241,Ole
1265,Preston
1280,Grover
1361,Benjiman
1746,Isham
1808,Ennis
1870,Annie
2530,Okey
2696,Andres
2700,Armstead
2725,Harlan
2898,Lane
2917,Orval
3200,Reuben
3526,Abel
3836,Hilary
3838,Hoyt
3949,Garret
4127,Alonzo
4850,Almer
5044,Herbert
5181,Reuben
5316,Vern
5757,Sumner
5913,Paris
6081,Allen
666,Manford
870,Jarrett
919,Aurthur
926,Blaine
124,Mack
1528,Stuart
1903,Ebb
1953,Less
2034,Carl
2550,Ely
2888,Horatio
2895,Josephus
2930,Severt
3121,Wesley
3249,Emery
3266,Emory
3312,Hans
3652,Clara
4236,Ervin
4249,Nick
4276,Roger
447,Foster
4583,Gustaf
4665,Bartholomew
4988,Bowman
5057,Raymond
5082,Leo
51,Earl
5234,Mose
5297,Abner
5320,Elwood
5408,Wilford
591,Olaf
6106,Lloyd
6143,Morris
6227,Bruce
6252,Emanuel
6380,Taylor
7,Thomas
1445,Ellsworth
1500,Valentine
1695,Sumner
1773,Shirley
1897,Darrell
1957,Lowell
2161,Alva
3057,Edgar
307,Forest
3167,Ellis
3491,Minnie
3895,Alvan
3898,Ancel
3902,Barry
3993,Manley
4262,Roland
4464,Prince
4594,Morton
475,Saul
5048,Martin
5052,Jacob
5134,Jake
5450,Jean
574,Buford
5986,Festus
6033,Sam
613,Eric
6348,Emmet
6402,Adolphus
6464,Oswald
718,Manley
1043,Lee
1425,Malcolm
169,Wiley
1706,Addie
1880,Bertha
1987,Verner
205,Scott
2129,Cornelius
2402,Gabriel
2477,Gerald
2495,Colonel
2644,Squire
2789,Graham
2808,Mart
2915,Oran
3179,Russell
3241,Gustav
3299,Ellsworth
334,Bennie
3553,Sumner
3786,Reed
3848,Lennie
3875,Thurlow
4417,Enos
4465,Randolph
4569,Aloysius
4672,Cora
4690,Octave
4719,Hamp
4736,Maxwell
4776,Berton
4782,Cameron
4818,Lacy
4980,Bee
5071,Oliver
5085,August
5291,Johnie
5434,Ramon
544,Hunter
5543,Turner
577,Colonel
581,Fate
6217,Wade
6264,Elias
6278,Ulysses
740,Tilden
747,Algie
1104,Rufus
1349,Clement
1418,Art
1485,Wyatt
1956,Louise
2200,Marvin
2249,Delbert
2392,Fletcher
2531,Olaf
2718,Elie
272,Clifton
2948,Alvy
2964,Colin
2980,Emmit
3250,Pete
3365,Madison
3408,Morgan
3641,Wright
3656,Dolphus
3891,Albertus
4078,Homer
4118,Lloyd
4315,Lucius
4333,Napoleon
4408,Madison
442,Boyd
462,Stuart
4685,Merritt
470,Fay
4934,Newt
5104,Emil
5321,Francisco
5498,Antone
6209,Jeff
6212,Anton
647,Elige
711,Ida
743,Worth
975,Hershel
1008,Thomas
1305,Wilbert
1435,Hardy
1487,Dell
15,Albert
1686,Ola
1765,Presley
2144,Adolph
2199,Anton
232,Gordon
234,Pete
2341,Madison
2605,Sid
2628,Martha
2720,Ennis
2729,Larry
282,Burton
2953,Benny
3089,Milton
3280,Ole
3454,Randolph
3661,Hampton
3819,Dennie
383,Dee
3953,Gottlieb
4415,Clarance
448,Frances
4789,Danial
4856,Armand
5079,Isaac
5170,Marshall
5306,Arch
54,Ed
5412,Bertram
5855,Curt
6069,Guy
6091,Archie
6333,Hardy
6407,Harris
700,Fayette
1158,Jose
1207,Christian
1304,Roger
1377,Emile
1412,Turner
1496,Mason
155,Otis
1791,Baxter
1936,Hollis
2016,Samuel
2415,Elmo
2436,Chauncey
2545,Cassius
2812,Nickolas
2988,Fabian
3145,Otis
3570,Florence
3863,Orlo
3983,Loney
3996,Matthias
4066,Bert
4205,Anton
4730,Kirk
483,Alton
5041,Lewis
5096,Julius
5179,Silas
5352,Pink
5377,Ward
5497,Angus
5799,Hosteen
5859,Dominic
5904,Norbert
635,Waldo
6423,Mason
851,Ernie
862,Hattie
886,Rafe
940,Cyril
132,Norman
154,Hiram
2079,Allen
2762,Bartholomew
2931,Steward
3140,Lonnie
317,Walker
3490,Lum
3581,Norris
3711,Reinhold
3740,Denis
3781,Ottis
3808,Authur
3967,Iva
4044,Paul
4165,Mike
4369,Isaiah
4403,Foster
4437,Ephriam
4564,Ransom
4740,Ola
4884,Elbridge
5426,Fay
5656,Dayton
5732,Hermon
5802,Julia
5829,Unknown
5965,Clive
6019,Roy
6121,Russell
6300,Antonio
6388,Josiah
6460,Henderson
714,Justin
727,Press
987,Jabez
1236,Bill
1290,Dudley
1492,Harve
1601,Berton
200,Clayton
2012,Walter
2020,Charlie
2115,Percy
2138,Maurice
2363,Wilford
2431,Guss
2951,Babe
388,Lew
3884,Whit
428,Cary
4546,Alpha
4580,Dexter
495,Omar
5059,Edgar
5101,Lester
521,Webster
5458,Truman
5546,Adrian
6059,Harvey
6104,Victor
6147,Stanley
6245,Joel
625,Noel
101,Dave
1041,Howard
1093,Calvin
11,Harry
1192,Andy
1235,Hubert
1259,Burt
1518,Lawson
1539,Chin
1624,Jean
1793,Bertrand
1958,Loy
2354,Abram
2683,Orson
2714,Clare
3521,Thornton
3578,Lucien
3584,Orlando
3742,Dominick
4864,Brooks
5045,Jim
5076,Patrick
5475,Reginald
5520,Ashley
5714,Coy
5872,Hayden
6094,Clifford
672,Ossie
854,Friend
938,Cleo
986,Ivy
1112,Victor
1318,Chauncey
1856,Tolbert
2407,Judge
2648,Travis
279,Forrest
2863,Dennie
3187,Harley
3489,Josiah
3709,Perley
3764,Jimmy
415,Lucian
4157,Lonnie
4189,Marvin
422,Tomas
433,Israel
4969,Zollie
5060,Jack
543,Henderson
595,Turner
5998,Gregory
6045,Herbert
6090,Bernard
685,Bertie
979,Hudson
1111,Clifford
138,Jasper
1497,Merle
1620,Geo
1910,Emit
2139,Elbert
2272,Chris
3019,David
3107,Alex
323,Major
3378,Royal
351,Hugo
361,Wilber
3660,Fleming
3728,Bernice
387,Lawson
4215,Solomon
4638,June
4738,Nat
4765,Alcide
5081,Harold
5572,Santiago
5830,Vernie
5990,French
6280,Jimmie
6385,Freeman
823,Auther
961,Gardner
1099,Anthony
1205,Mathew
1483,Wilber
1623,Haywood
1735,Florence
1943,Johnathan
2058,Edwin
2108,Amos
2180,Harley
2201,Wade
2423,Stewart
2443,Logan
2846,Ashby
29,Lewis
2989,Fleming
309,Pink
3268,Hugo
3399,Webster
3406,Enos
3546,Mason
3802,Alphonso
4179,Wilson
419,Perley
4402,Fay
4542,Sydney
4862,Boss
4977,Alvy
5473,Orlando
5576,Alan
5745,Nora
6074,Oliver
6119,Amos
6152,Felix
6452,Alphonse
69,Theodore
703,Flem
724,Oral
788,Osborne
836,Cruz
1100,Archie
112,Emil
1470,Ivy
1728,Elder
2587,Furman
2799,Julious
2896,Kirby
3074,Patrick
3494,Walton
3550,Reginald
3922,Clide
3933,Elder
4059,Ed
42,Lee
424,Adolphus
4272,Gordon
4573,Basil
4626,Eben
534,Bishop
5727,Gaston
5809,Love
586,Herschel
6249,Mathew
863,Hence
991,Julious
1135,Nathan
1508,Crawford
1526,Seymour
1915,Esta
2772,Dow
2784,Felipe
3078,Leonard
3207,Abraham
3583,Orange
3716,Shelton
434,Leander
4355,Jason
4376,Elliott
4476,Haywood
4531,Johnson
4595,Odie
468,Egbert
4828,Otha
5211,Pearl
5213,Eli
5566,Merton
5642,Angelo
5663,Ford
5682,Pierre
5984,Evans
6116,Franklin
626,Orie
6261,Clifton
6403,Burt
686,Berton
73,August
87,Rufus
890,Ruby
974,Hermon
1021,Richard
1429,Simeon
1584,Santiago
1673,Isadore
1692,Sanders
1972,Orley
2031,Alfred
2149,Wiley
2155,Mike
2224,Cecil
2349,King
2701,Aron
2702,Augustine
308,Lynn
3090,Warren
348,Roger
3496,Alford
356,Gust
3582,Oran
3646,Anson
3745,Eldred
3777,Montgomery
3914,Captain
4132,Adolph
4144,Melvin
4370,Neil
4584,Heber
459,Rollie
4631,Fernando
4817,Julia
4837,Sullivan
4953,Sarah
512,Larry
5193,Glenn
5199,Jeff
5735,June
5911,Osborne
6140,Maurice
6305,Morgan
6375,Merle
6376,Pink
64,Lawrence
6445,Shirley
710,Huston
1032,Alfred
1056,Ira
1729,Elie
1805,Dale
1931,Hardin
2090,Julius
2111,Perry
2633,Noel
2699,Archer
2942,Ab
3,Charles
3325,Erwin
3337,Berry
3662,Herschel
3952,Golden
3978,Lessie
4195,Christopher
446,Ezekiel
478,Tobe
4786,Commodore
5000,John
5064,Charley
5072,Hugh
5092,Stephen
5345,Chauncey
541,Emile
6047,Claude
970,Hardie
1012,Walter
113,Leon
1215,Columbus
1298,Karl
1314,Delbert
1365,Francisco
1556,Raleigh
1569,Danial
2026,Ernest
2447,Tobe
2759,Antoine
2943,Adolf
30,Peter
3288,Foster
3346,Emile
3386,Hal
3466,Granville
3478,Adelbert
3597,Almon
3615,Hollie
3988,Lute
4015,Albert
4024,Ernest
406,Ephraim
4094,Julius
4130,Ross
4216,Gustave
4269,Clifton
432,Harve
4478,Junius
4823,Nolan
4830,Price
5415,Emile
5471,Lenard
584,Garland
6023,David
6038,Benjamin
6109,Perry
6125,Jay
6208,Gordon
6319,Walker
1136,Adolph
1758,Olaf
2085,Warren
2305,Spencer
2578,Bernie
2738,Orange
2778,Ernst
3072,Floyd
3131,Nathan
34,Alfred
3529,Axel
3532,Cleve
3814,Coley
3889,Zeke
3944,Estill
4117,Lester
4131,Earnest
4163,Elijah
4182,Timothy
4366,Ned
443,Bryant
4484,Webster
4808,Harper
5730,Hamilton
5896,Maude
6003,George
6127,Alonzo
6176,Abraham
6405,Garland
6459,Geo
652,Freddie
786,Miller
880,Nellie
910,Agustus
924,Barton
1097,Leroy
133,Gilbert
2252,Marcus
2339,Jonathan
2562,Lenard
2739,Orie
2791,Harland
3058,Chester
3316,Zack
3580,Milford
3733,Butler
3794,Vivian
4341,Lafayette
4358,King
4372,Ulysses
4882,Ebb
4942,Orson
5017,Samuel
5062,Edwin
5226,Bob
5329,Lorenzo
6179,Fredrick
6367,Wayne
874,Kirk
878,Milford
1124,Norman
1300,Mary
1477,Nat
1642,Rafael
1655,Bailey
2288,Cleveland
2329,Vern
2842,Almon
287,Morgan
3154,Fredrick
3559,Benjaman
3642,Wylie
365,Irwin
3720,Albin
3833,Harland
389,Micheal
4147,Jake
4166,Adam
4200,Sylvester
425,Angus
4264,Grant
4510,Ernst
4593,Milford
4834,Shelton
4887,Eldridge
5162,Elijah
5186,Curtis
524,Willam
5280,Porter
5413,Clint
5440,Al
5502,Clair
5637,West
5722,Elzy
5764,Adolf
5820,Percival
5834,Woodie
6149,Emmett
6440,Israel
670,Octave
737,Shelby
789,Percival
895,Soloman
966,Gregory
995,Kit
1282,Lorenzo
1459,Adelbert
1535,Benton
162,Abraham
1678,Lindsay
1775,Tilman
1836,Maude
2164,Wilson
2281,Vincent
2353,Wash
2572,Theo
2669,Hampton
3060,Lawrence
3162,Max
3468,Henderson
4278,Earle
4717,Freddie
5362,Wilbert
5584,Dean
5729,Guadalupe
5863,Eliga
59,Paul
5966,Collins
6221,Augustus
6313,Johnie
903,Wendell
989,Jodie
139,Silas
146,Cornelius
1510,Duncan
1530,Tim
1911,Emry
1926,Gregg
1938,Hudson
1988,Waverly
2100,Mack
2113,Leon
2126,Matthew
2156,Gilbert
2188,Millard
2385,Steven
250,Edmond
2654,Benjamine
2889,Hoyt
2913,Mervin
3087,Julius
310,Ruben
3148,Earnest
3395,Sterling
3544,Lincoln
3636,Sid
3727,Bee
3927,Daisy
4235,Emery
4469,Axel
4791,Ebenezer
4814,Iva
4951,Reece
4985,Blain
5219,Austin
5621,Isadore
5654,Clement
5936,Albion
6046,Lee
6219,Cyrus
6399,Judge
1109,Alonzo
1252,Clifton
1347,Berry
1918,Fayette
2019,Clarence
2185,Edmund
2564,Lyle
2758,Alvis
2926,Roderick
3098,Emil
3261,Matt
3507,Mahlon
352,Jimmie
379,Wilfred
3935,Elihu
4289,Forrest
4449,Addison
4974,Aleck
4995,Chalmers
5022,Charlie
5553,Butler
559,Sydney
5599,Rowland
5857,Dempsey
6329,Stewart
6458,Garrett
782,Lyle
1089,Emil
1296,Elisha
160,Jose
1679,Llewellyn
1747,Justin
1882,Burrell
1932,Harvie
2017,Louis
2478,Hamilton
2576,Aloysius
2708,Brice
2749,Wellington
3379,Truman
3429,Pedro
3447,Anna
3452,Ernst
3807,Ashton
4613,Anson
4698,Sanders
4701,Almon
5210,Solomon
5632,Shelby
5653,Carson
5744,Noel
5972,Delmer
6021,Charlie
6384,Chauncey
695,Danial
8,Henry
1117,Roscoe
1227,Ollie
1407,Nels
1737,Furman
1764,Plummer
1821,Hosteen
1977,Pryor
2211,Bob
2454,Arther
2561,June
2816,Reginald
2882,Heber
2975,Eldred
3063,Ed
3391,Milo
3577,Lou
3723,Artie
4020,David
4681,Lindsay
4819,Levy
4896,Geo
5204,Steve
5575,Vance
5700,Alvie
5786,Ephriam
6282,Cleve
6327,Matt
894,Sanders
1054,Paul
1277,Dee
1345,Morgan
1367,Granville
1452,Mat
1563,Artie
1589,Warner
1605,Cassius
1814,Gerrit
1971,Okey
2014,Fred
2309,Roger
2323,Dudley
2380,Israel
258,Ike
3449,Casper
3981,Linzy
4054,Jim
4112,Norman
4246,Anderson
4271,Elisha
4310,Royal
479,Tommie
4863,Brady
5326,Antonio
5346,Dale
5421,Bryant
5464,Caleb
5550,Benedict
5582,Brooks
5592,Luis
5640,Alec
5673,Justin
5817,Odie
6101,Dan
6243,Clark
6374,Loren
692,Clarance
787,Orson
796,Shelton
951,Elroy
1045,Martin
1336,General
1482,Sandy
1501,Wellington
1651,Young
1707,Albion
184,Ross
1984,Talmage
203,Mathew
22,Richard
2247,Chas
2496,Dana
2504,Larkin
2580,Cornelious
28,Oscar
3095,Bernard
3327,Kenneth
3506,Loyd
3541,Johnson
4080,Theodore
4104,Alex
4196,Mose
4199,Eli
4224,Nathaniel
4266,Newton
4565,Rube
5676,Lowell
570,Alec
5874,Hervey
5886,Lillie
5941,Ammon
6156,Jasper
6310,Ambrose
6334,Rex
6469,Alonza
888,Reese
1062,Francis
1283,Porter
1379,Jimmie
1562,Alonza
1609,Deforest
1794,Billy
199,Asa
2532,Orlando
2570,Rodney
2630,Miguel
2685,Tillman
2946,Almer
3171,Alva
3247,Delbert
3358,Carlos
3402,Allan
3405,Dallas
343,Emerson
3682,Auther
423,Wilford
4663,Alan
4703,Alvie
4833,Sheldon
4889,Ella
4972,Aden
5034,Sam
5105,Willis
5133,Emmett
5366,Evan
539,Duncan
5407,Orin
5437,Wash
5713,Cooper
5849,Clara
628,Pinkney
6325,Lafayette
6345,Ward
636,Warner
808,Adolf
813,Alpheus
843,Doss
856,Gary
1213,Wade
1536,Beverly
1788,Ashley
1804,Curley
1941,Jere
1982,Seward
2013,Arthur
2121,Otis
2389,Bertram
2610,Abel
2774,Egbert
2967,Darwin
3080,Theodore
3504,Jarvis
3565,Davis
3630,Pablo
3726,Bascom
3801,Alice
3936,Ella
4088,Eddie
4221,Juan
4343,Allie
4362,Elza
4429,Walker
4457,Jules
4802,French
4912,Joeseph
4925,Lorenza
4979,Bedford
5515,Malcolm
5516,Oren
6007,Robert
6111,Dave
6124,Calvin
6182,Harley
663,Leland
730,Randall
917,Ashby
1013,Arthur
1070,Alexander
1334,Emmet
1427,Micheal
1455,Steven
1722,Cora
1888,Clara
2231,Clifton
2282,Emile
2752,Wylie
2773,Ebbie
2814,Park
2903,Lillian
2991,Fremont
3084,Philip
3105,Rufus
3137,Roscoe
3191,Timothy
3226,Julian
3509,Micheal
3512,Otha
3663,Hyrum
3770,Louise
3879,Tracy
3999,Michel
4305,Benjiman
4582,Gene
4587,Jonah
4659,Wheeler
4693,Pablo
4949,Prentice
5128,Wallace
5303,Logan
5538,Mat
556,Rush
5615,Ezekiel
5773,Burney
597,Volney
6100,Sidney
6308,Elwood
6453,Alton
712,Ivory
85,Willis
1074,Patrick
1143,Lloyd
1357,Loren
1475,Morton
1565,Benjaman
16,Samuel
1613,Dorsey
1696,Theo
1711,Alvis
1919,Flem
2005,Frank
2167,Roscoe
251,Anderson
2862,Dempsey
2977,Ellery
3251,Vincent
3315,Spencer
3354,Porter
35,Sam
3605,Cliff
3649,Augustine
3929,Delmar
4086,Allen
4198,Abraham
4365,Laurence
4540,Rodney
4633,Grace
4653,Theadore
4874,Cleon
488,Dorsey
4930,Miner
4989,Bunk
5195,Nicholas
52,Eugene
5285,Garfield
5469,Judge
5525,Ethel
5845,Braxton
5934,Zollie
6118,Percy
6173,Willard
634,Valentine
644,Cullen
742,Woodson
973,Hays
1405,Jordan
1598,Asberry
1635,Orange
171,Morris
183,Marvin
2263,Lemuel
2421,Sandy
2642,Seymour
2671,Ivy
3126,Mack
4748,Sumner
4835,Silvester
5595,Micheal
5696,Winfred
5721,Eldridge
5831,Watt
5961,Chase
6251,Earle
6431,Alford
807,Wilton
868,Hyman
933,Budd
1303,Pink
1428,Prince
1457,West
1476,Murray
187,Jeff
2000,John
2035,Peter
2303,Sanford
2390,Carlton
2765,Bird
3106,Calvin
3181,Glenn
3279,Cleveland
3548,Orson
3666,Marshal
3691,Edson
4363,Freeman
4392,Leander
441,Axel
4418,Gerald
4430,Wash
4511,Giles
4562,Noel
4852,Alvis
5130,Mack
5136,Percy
5240,Abe
5600,Rupert
964,Gottlieb
1004,Charles
1431,Carlton
1514,Gene
1664,Elbridge
1877,Authur
1906,Edna
1965,Marrion
2056,Michael
2350,Matt
2403,Harmon
2522,Elmore
2588,Howell
2703,Author
3118,Jerry
3300,Ferdinand
3702,Lowell
3747,Ellison
3911,Bose
4026,Jesse
410,Harris
4317,Allan
4904,Hjalmer
5053,Ed
5116,Rufus
5192,Edmund
5273,Chas
5359,Hosea
5627,Octave
5960,Chancey
6037,Paul
6120,Wesley
6309,Major
71,Clyde
1133,Jake
1286,Jefferson
1371,Lyman
1416,Addison
1486,Davis
1783,Alois
1841,Obie
188,Elias
1962,Mannie
2375,Washington
2596,Olin
2604,Shirley
2709,Brown
276,Bud
2793,Hezekiah
2821,Rome
2840,Alf
2954,Bertrand
298,Allie
3054,Michael
3272,Jeremiah
3314,Laurence
3360,Guss
3773,Mervin
3797,Woody
4073,Oliver
4300,Abner
4373,Wilber
5135,Morris
5190,Cleve
528,Anna
5510,Jesus
5513,Len
5937,Alcide
6159,Cleveland
6422,Lucian
749,Bart
959,Fleming
98,Jerry
980,Huey
1141,Clinton
1340,Perley
1549,Lucas
195,Russell
2036,Frederick
223,Monroe
2253,Orville
2557,Giles
3551,Rush
3627,Olen
3821,Douglass
4217,Byron
458,Prince
4607,Wendell
4609,Williams
466,Christ
47,Herman
4769,Alonza
4829,Press
5152,Aaron
5378,Wm
5482,Billie
5665,Hampton
568,Winfred
5833,Wong
5890,Lonie
594,Rolland
629,Shirley
902,Vernie
99,Calvin
1488,Doc
1519,Luis
1954,Lincoln
2131,Jerry
2319,Freeman
2547,Doc
2676,Lambert
3352,Omer
3572,Hayes
3607,Crawford
3670,Ransom
3947,Fenton
4267,Tony
4414,Vern
4539,Rex
4608,Willam
4642,Linus
4825,Olie
4929,Miller
5129,Alonzo
5173,Noah
5308,Dwight
5443,Coleman
5662,Finis
5712,Cleo
5870,Franklyn
6057,Martin
6067,Otto
6203,Sherman
697,Dolphus
107,Leroy
110,Garfield
1185,Rudolph
1269,Bruce
1375,Elvin
2396,Watson
2795,Hosie
2811,Newman
3003,Charles
3153,Levi
3248,Edd
3446,Wilber
372,Abram
3771,Lyle
4018,Louis
4323,Pedro
4389,Herschel
4466,Rolland
4702,Alphonso
5282,Ervin
5503,Cliff
554,Pat
565,Watson
5701,Andres
5880,Josephine
6315,Lucius
726,Otha
892,Salomon
1076,Homer
1191,Irving
1721,Chesley
1770,Roswell
2640,Sanders
2776,Elizabeth
2805,Margaret
2823,Sammie
3176,Sylvester
3524,Williams
3527,Alden
3622,Maynard
3653,Cloyd
3672,Travis
3860,Olie
3883,Weldon
3958,Harlie
3976,Lemon
4549,Cloyd
4570,Alvah
4652,Terry
4667,Bertrand
4699,Whitney
5571,Ransom
5607,Almon
6024,Ernest
6161,Clinton
6307,Roger
6351,Milo
6420,Harmon
6468,Valentine
785,Math
824,Author
928,Brad
1010,Robert
1039,Herbert
1145,Abraham
1266,Tony
1544,Houston
1636,Orin
1645,Reece
1866,Albin
2037,Elmer
2046,Tom
2094,Milton
2306,Abner
2755,Albion
3276,Nick
3310,Ezra
3809,Baxter
3849,Lillian
390,Orin
4204,Cleve
4242,Vernon
4258,Arch
4360,Carey
4388,Harmon
4682,Lindsey
4723,Hoyt
5286,Hugo
5348,Jimmie
5355,Berry
5457,Tomas
5619,Herschel
6002,James
6171,Ollie
6204,Barney
6486,Reginald
1228,Enoch
1278,Ervin
1387,Washington
1637,Ottis
1641,Press
1930,Hardie
214,Wade
2377,Ellsworth
2693,Alois
3031,Carl
3110,Lester
3328,Lyman
3373,Dewitt
3665,Isham
3692,Egbert
3793,Urban
3823,Elam
4151,Elbert
4167,Emmett
4390,Jonathan
4506,Coleman
4508,Elton
4548,Clara
4806,Guadalupe
4878,Dillard
5008,Robert
5027,Oscar
5037,Benjamin
5256,Delbert
527,Alvie
560,Thaddeus
5647,Art
6079,Homer
656,Hermann
1260,Ward
1593,Zeb
179,Alva
1909,Elonzo
2521,Dorsey
267,Isaiah
2871,Everette
2877,Gerhard
3463,Early
3772,Mat
3904,Benedict
3909,Blanchard
4150,Owen
4243,Arnold
4256,Emanuel
4371,Sim
4444,Rollin
4560,Lyle
4646,Reese
4714,Drew
5156,Phillip
5686,Rome
573,Bertrand
609,Dillard
850,Erie
953,Ennis
1058,Chester
1193,Ellis
1494,Johnny
1579,Newt
1833,Lyle
2028,Daniel
2097,Rufus
2573,Watt
2691,Alden
284,Emmet
3044,Ralph
3195,Rudolph
3264,Chas
3283,Douglas
3729,Bernie
3741,Doctor
3744,Effie
3960,Haskell
408,Giles
4175,Irving
4197,Ora
4397,Tommie
440,Steven
4438,Florence
4517,Mervin
4843,Weldon
4879,Dora
5142,Maurice
520,Ted
5275,Wilfred
5323,Royal
5350,Lucian
5432,Omer
5499,Basil
5527,Evert
5883,Lambert
5894,Mart
6139,Mack
6150,Phillip
826,Blas
1006,Joseph
1462,Axel
1543,Hampton
1608,Dana
1648,Thad
1753,Mahlon
202,Irving
2442,Houston
248,Barney
3128,Jake
3161,Silas
3255,Louie
327,Clint
3307,Neal
3707,Orval
3837,Hilton
3867,Ronald
4245,Preston
4291,Major
4526,Clair
4650,Solon
4661,Wylie
4731,Lambert
484,Andres
5398,Anna
5517,Phil
5660,Elizabeth
5866,Emiliano
6041,Peter
6238,Jerome
6288,Dewitt
6304,Mary
6437,Ezekiel
825,Ballard
96,Bernard
1322,Spencer
1454,Sol
1610,Denis
1733,Evans
2209,Clayton
221,Chas
2210,Pete
2277,Burton
2601,Quincy
2979,Elva
320,Benjiman
3347,Hamilton
3350,Merton
3618,Len
3619,Linwood
3724,Ballard
3852,Malcom
4138,Clinton
4255,Abe
4399,Anna
4686,Miguel
4892,Elroy
5349,King
5580,Aubrey
5669,Hezekiah
5734,Ivory
5769,Bessie
6048,Jim
610,Doctor
804,Walton
1030,Benjamin
1071,Leonard
1607,Cornelious
1898,Darwin
2091,Emil
2638,Rush
2741,Reese
300,Judson
3372,Boyd
3393,Pat
3558,Bart
3633,Roman
3738,Cyril
4013,Arthur
4125,Maurice
4279,Emory
4297,Karl
43,Howard
4575,Burr
4721,Hayward
503,Young
5376,Walker
5723,Fate
5788,Erick
5816,Obie
5818,Orley
6210,Ora
633,Uriah
873,Junious
897,Stanford
1152,Wilbur
1505,Carter
1592,Wylie
1861,Weaver
1981,Rolland
2048,Earl
2479,Lucien
273,Lucius
2847,Auguste
2856,Chesley
2866,Ebb
3068,Luther
3149,Emmett
3196,Newton
3296,Van
3389,Lorenzo
3600,Beverly
3624,Mortimer
3811,Bryan
3855,May
3931,Dolph
3946,Fayette
401,Zack
4148,Roscoe
421,Sandy
4547,Burley
4877,Denis
4901,Helmer
4976,Alpheus
5,Frank
5261,Matt
5474,Pablo
6188,Curtis
6386,Isom
1022,Joe
1082,Philip
1307,Forrest
1576,Larkin
163,Virgil
1782,Alfonso
1940,Jared
2123,Nathan
2174,Simon
2183,Reuben
2336,Green
2463,Ransom
2626,Lou
2660,Buster
2731,Lue
2737,Mills
2779,Essie
2845,Asberry
2947,Almond
3036,Frederick
31,Benjamin
3117,Adam
3172,Wiley
3194,Ollie
3748,Elton
4071,Guy
4160,Fredrick
4237,Vincent
4330,Zack
4792,Egbert
4986,Blair
5029,Andrew
5069,Floyd
5183,Johnnie
5692,Tolbert
5755,Shelton
5907,Orland
6093,Julius
6151,Elijah
6213,Chris
6368,Carlton
797,Sid
815,Andre
100,Perry
1106,Franklin
1697,Thos
2206,Bill
2337,Hans
2351,Myron
2646,Sydney
2705,Bedford
2775,Eligah
2841,Alfonso
2902,Lesley
3676,Alois
4247,Elias
4615,Artie
4741,Oran
4941,Orie
4961,Titus
5189,Augustus
5283,Clem
5556,Elvin
5644,Anson
5677,Manley
5922,Rube
5967,Conley
6444,Olaf
6448,Webster
908,Ab
1079,Allen
1254,Nick
1383,Pat
1616,Elmo
1749,Levy
1874,Atticus
1901,Dolphus
2098,Leo
2118,Leslie
2426,Alton
2437,Clay
2554,Evans
2571,Rubin
2603,Rupert
2831,Vicente
3224,Barney
3285,Green
3340,Elwood
3892,Alcide
4280,Jeremiah
4752,Tobias
4954,Seaborn
5536,Lou
5742,Miller
6025,Oscar
6180,Timothy
6200,Christopher
912,Almer
1568,Cloyd
18,Louis
1978,Rene
2251,Louie
2258,Luke
2552,Erwin
3114,Dennis
3125,Lloyd
3243,Millard
3309,Archibald
3523,Troy
359,Simeon
3876,Thurman
3905,Bernhard
4240,Columbus
4295,Antonio
4296,Irwin
4431,West
4617,Augustine
4759,Woodie
4809,Herb
481,Alford
5030,Jesse
5196,Marvin
523,Wheeler
5267,Elisha
5384,Sim
5624,Melville
5811,Mabel
6234,Abe
1052,Claude
1250,Miles
1473,Lenard
1630,Marshal
1974,Philo
2099,Sidney
2322,Zack
2448,Tomas
3027,Jesse
3134,Elijah
3221,Garfield
3338,Dick
3444,Raleigh
4244,Conrad
4512,Harlan
476,Smith
4767,Alf
4796,Ellwood
5087,Sidney
5120,Amos
5158,Mike
5392,Olaf
5739,Ludwig
5929,Virge
6004,Charles
617,Hilliard
6237,Enoch
70,Hugh
1016,Samuel
1354,Jason
1520,Mathias
1659,Bishop
174,Augustus
1829,Jones
206,Hubert
2077,Raymond
2300,General
2438,Dewitt
2444,Lucious
2766,Campbell
2798,Joesph
2826,Shelly
3113,Amos
3282,Jackson
3674,Willam
3789,Sarah
3955,Grove
4140,Nathan
4557,Howell
4762,Wright
4867,Burrel
4928,Maude
5233,Luke
5699,Alonza
5747,Orange
5969,Courtney
6141,Simon
6160,Aaron
619,Lincoln
6461,Kelly
733,Romeo
745,Alcide
772,Hal
1232,Ambrose
1509,Curt
168,Owen
1816,Griffin
1959,Lucy
2002,James
2140,Emmett
2250,Don
2330,Walker
2365,Isom
2371,Dee
2612,Alonza
2711,Byrd
2734,Maynard
2803,Manford
2835,Worth
302,Napoleon
3274,Ambrose
3321,Taylor
3595,Winfred
4159,Virgil
4201,Dock
4458,Lafe
453,Larkin
4576,Buster
4971,Ace
502,Wm
5367,Gerald
6131,Marshall
6191,Manuel
6292,Ned
632,Urban
6406,Granville
761,Connie
921,Baldwin
1182,Winfield
1657,Bessie
1863,Whit
224,Byron
2357,Frederic
2649,Wilton
2723,Gibson
2935,Todd
3092,Everett
3213,Lon
3252,Arnold
3549,Randall
364,Frederic
4590,Marcellus
4919,Landon
5010,Edward
5028,Willie
505,Carey
5792,Garner
5840,Antoine
5912,Ottis
6339,Dallas
6349,Gust
684,Bernhard
981,Humphrey
1276,Conrad
1398,Clem
1424,Lucious
1812,Gary
2009,Robert
2018,David
2157,Jasper
218,Sherman
2268,Julian
2359,Gust
2360,Ivan
2555,Frances
2597,Omar
27,Jesse
2892,Jarvis
3002,James
3052,Harvey
3333,General
3339,Dudley
3534,Dean
3790,Thad
3982,Little
4133,Otis
477,Squire
496,Oran
5036,Frederick
5042,Paul
5117,Franklin
5187,Owen
5399,Blaine
5479,Aloysius
5614,Ewing
5791,Fayette
61,Isaac
6352,Mitchell
649,Elmore
658,Isreal
1238,Edmond
1263,Julian
1275,Bennie
1421,Erwin
1798,Burke
1845,Oswald
2308,Douglas
274,Porter
2929,Seaborn
3112,Alvin
3139,Claud
3482,Avery
3693,Ferd
3737,Creed
3919,Chancey
4030,Willie
4345,Elwood
4489,Christ
449,Geo
4563,Orlando
493,Mahlon
4998,Clell
5258,Emery
5573,Tommie
5738,Llewellyn
5768,Benjamine
5776,Clemens
5824,Shade
6012,Walter
6130,Earnest
6195,Juan
639,Abel
6419,Hal
667,Maxwell
75,Homer
997,Lavern
999,Layton
1550,Lucien
1554,Orval
1663,Drew
1809,Erasmus
1893,Colin
2334,Forest
2751,Willian
2873,Fredric
2957,Bradley
2965,Conley
3712,Rene
3760,Harman
3980,Linton
4009,Robert
4021,Joe
4107,Bernard
4146,Franklin
4158,Marshall
4606,Watson
4756,Vollie
5063,Lawrence
5243,Byron
5340,Neil
5690,Terry
6015,Albert
6417,Abram
1007,Henry
1060,Ed
1294,Wayne
1337,Isiah
1639,Pinkney
166,Leslie
1777,Williams
1792,Bernhard
1822,Howell
1995,Wood
219,Austin
2833,Wheeler
3451,Elmo
3539,Hollis
3609,Elmore
3640,Tommie
3913,Buck
4014,Fred
4037,Benjamin
4261,Ezra
4445,Smith
4461,Micheal
4644,Margaret
5001,William
5307,Douglas
5351,Lynn
596,Verne
5979,Edith
601,Alonza
614,Evans
6358,Dick
6425,Phil
6455,Carlos
659,Jones
801,Tyler
126,Jay
131,Alvin
140,Christopher
1433,Douglas
1633,Ocie
1676,Knox
17,David
1772,Sheldon
1834,Marian
1887,Champ
2325,Leander
2441,Haywood
2631,Minnie
2981,Enrique
3228,Chris
3351,Neil
3437,Frances
3511,Omar
3774,Milas
3939,Emett
4186,Curtis
4273,Jefferson
4407,Lucious
4446,Tomas
4495,Houston
5230,Edd
5418,Larry
549,Maynard
5649,Bradley
5836,Abel
6008,Henry
640,Alden
1061,Charley
1092,Willis
1131,Earnest
1261,Abe
1453,Rollin
1769,Rollo
1865,Adrien
1964,Marius
227,Grant
2481,Orin
26,Will
2616,Ephraim
2794,Hilary
2802,Louise
286,Louie
3048,Jacob
3329,Seth
3336,Allie
3536,Ernie
4404,Gust
4490,Dorsey
4640,Len
4712,Creed
4968,Wilhelm
5040,Howard
5137,Roscoe
5228,Scott
5756,Spurgeon
6347,Dudley
905,Willian
1064,Luther
120,Lester
1580,Paris
1671,Hartwell
1860,Vernie
2221,Clark
2340,Lynn
2668,Fayette
2875,Garry
2900,Lennie
2906,Lone
3021,Charlie
3208,Donald
3305,Benjiman
3433,Angus
3625,Newell
3864,Quincy
3997,Maud
4053,Claude
4309,Omer
4378,Josiah
4405,Harris
4624,Dolphus
4670,Colonel
492,Loyd
5102,Marion
5191,Clayton
5433,Otho
5574,Tracy
5628,Olen
5919,Rob
5950,Bertrand
6293,Anderson
6359,General
736,Shade
876,Mervin
889,Rube
1046,Jim
1108,Alex
1161,Sylvester
1257,Jerome
1267,Cecil
1384,Royal
1446,Ephraim
1551,Miller
1665,Eldon
1827,Isidore
1868,Alto
1905,Eber
2537,Shelby
2690,Ace
2860,Darius
2974,Elam
3042,Lee
326,Caleb
3377,Lucian
3923,Colin
4036,Alfred
4239,Bob
4263,Bud
4395,Stewart
4868,Cal
4931,Moody
4940,Omar
5107,Dan
5467,Jason
548,Mathias
5842,Asher
6028,Andrew
6098,Horace
6136,Otis
6268,Jeremiah
6314,Logan
6357,Cliff
6433,Dale
866,Holmes
1139,Irvin
1144,Morris
1419,Benjamine
1559,Shelby
1652,Aloysius
1946,Juluis
2187,Curtis
2342,Milo
2637,Reinhold
2710,Burrell
2712,Carleton
2763,Baxter
3038,Howard
3436,Clint
3721,Alpheus
3722,Art
3930,Dink
3987,Lucas
4111,Everett
4552,Elmo
4601,Sandy
4775,Bernhard
4815,Jarvis
4870,Cass
5215,Pete
5238,Roland
5257,Columbus
5501,Buster
5724,Ferd
6317,Spencer
6338,Clem
6378,Randolph
773,Hardin
835,Coy
842,Dora
1323,Avery
1502,Abel
1799,Cap
2205,Columbus
2274,Juan
2376,Earle
2480,Mortimer
2673,Junior
268,Nick
2744,Thaddeus
3197,Orville
3233,Monroe
3355,Sandy
3369,Sanford
3590,Theron
3610,Gabriel
4060,Edwin
46,Bert
4651,Ted
4836,Stafford
4859,Bailey
5068,Otto
5453,Noble
5651,Cap
5710,Claire
5770,Bonnie
5959,Cash
5977,Duane
5985,Ewell
6181,Clayton
621,Lucious
631,Terry
6360,Johnny
716,Leopold
1053,Michael
1130,Moses
1253,Gustave
130,Aaron
1689,Reese
1786,Andres
1851,Stanton
1899,Delmar
2092,Marion
2473,Elvin
2694,Alpheus
2914,Nellie
3115,Jess
3518,Smith
374,Elliott
3868,Sampson
3912,Bryant
4364,Isiah
535,Clair
5454,Orval
5519,Webster
5521,Bertha
6269,Neal
6321,Gerald
906,Yee
1040,Carl
1114,Alvin
1137,Nelson
1272,Grant
1448,Hamilton
1854,Sydney
1884,Caesar
1908,Elmore
2006,Joseph
2933,Theadore
2971,Donnie
3000,John
3186,Edmund
3566,Dell
3576,Lew
375,Hans
3882,Waldo
4035,Carl
4312,Spencer
4352,General
4696,Rich
4865,Bryant
5441,Burl
558,Sol
5956,Cal
6064,Chester
1175,Clark
1243,Anderson
1444,Casper
147,Felix
164,Clinton
207,Lemuel
2179,Stanley
2335,Glen
3151,Matthew
3170,Wilbur
381,Alphonse
4006,Joseph
4208,Alva
455,Morton
4579,Davis
4621,Crawford
4992,Butler
5427,Guss
5593,Marcellus
5630,Quincy
5899,Mills
6134,Gus
6167,Cecil
6373,Isiah
802,Vance
839,Davie
948,Elie
1017,David
1288,Abner
1515,Hal
1835,Maud
1858,Troy
208,Andy
2106,Everett
2148,Silas
2611,Alma
2719,Elige
3193,Harrison
3343,Judge
3699,Jewell
3984,Lonie
4286,Jerome
4472,Elizabeth
4847,Adolf
5091,Alex
5178,Moses
5339,Ned
5400,Burt
5403,Gene
5436,Troy
5444,Elzie
5480,Bartholomew
5603,Wellington
5643,Annie
6154,Marvin
6449,Wilbert
770,Gene
78,Horace
790,Pleas
1134,Leslie
1196,Anton
1271,Jeremiah
1339,Omer
1404,Ivan
1577,Meyer
1611,Dillard
1750,Lindsey
1832,Lorenza
2062,Lawrence
2191,Ora
2242,Ferdinand
2459,Johnny
2512,Ted
2767,Commodore
2839,Alexis
2997,Griffin
328,Dudley
4109,Amos
4225,Scott
4456,Hugo
4530,Guss
4555,Garland
4589,Lucien
486,Cicero
501,Seymour
5051,Claude
5058,Harvey
5110,Alvin
5194,Bill
5289,Arnold
5797,Hallie
5924,Stacy
5943,Archer
5995,Grace
6441,Leander
1644,Randall
1904,Ebbie
2075,Floyd
2127,Victor
2267,Grant
228,Jerome
2280,Roland
2324,Isiah
2510,Randall
2538,Thad
2591,Jones
2684,Reed
2925,Rich
3020,Richard
3160,Nelson
3182,Mose
3421,Israel
3560,Burl
4019,Grover
4232,Mathew
4313,Green
4314,Lemuel
4498,Pierce
4639,Kelly
4860,Bernie
5151,Otis
525,Al
5906,Orla
6369,Casper
6430,Adrian
77,Leonard
89,Jessie
904,Wilhelm
1208,Emery
136,Gus
1796,Blaine
1847,Richmond
1921,Gabe
1927,Gustaf
198,Arch
2086,Philip
290,Ambrose
2940,Wood
3039,Elmer
3669,Pinkney
3788,Santiago
3871,Spurgeon
3903,Belton
4067,Jack
4093,Warren
4441,Malcolm
4525,Carter
4567,Thaddeus
5049,Lee
5251,Barney
5361,Wayne
5554,Cyril
5590,Lincoln
5602,Travis
5910,Orvis
620,Lonzo
6214,Don
845,Edson
943,Dow
1000,John
118,Moses
1734,Evert
2102,Bernard
2169,Jay
257,Burt
2745,Thurman
3046,Herman
3049,Clyde
4058,Eugene
4226,Andy
4436,Clint
4664,Alois
4891,Elliot
4944,Osie
5032,Peter
5246,Harrison
6,Joseph
6088,Jessie
6224,Millard
6257,Jackson
6393,Pierce
669,Obie
1216,Scott
1439,Tobe
1540,Elihu
1541,Erastus
1668,Fritz
1820,Hermann
1916,Ethel
2516,Cary
2666,Elzie
2667,Eric
3010,Edward
3348,Malcolm
3353,Phil
3503,Issac
3758,Graham
385,Jason
3926,Crockett
4116,Victor
4126,Dennis
4319,Garfield
4550,Doctor
517,Pierre
5250,Asa
5551,Bishop
5933,Zenas
5974,Doctor
6001,William
6049,Tom
6262,Scott
6336,Axel
935,Chalmers
1128,Mark
1414,Vern
1464,Brown
1698,Todd
2453,Alphonse
2695,Alphonso
3061,Bert
3159,Marshall
3183,Ora
3301,Isaiah
3865,Rice
3962,Hermann
4137,Wallace
4192,Clayton
4212,Glenn
4336,Fletcher
4416,Dallas
4521,Bertie
4537,Oswald
4827,Orley
4926,Malcom
5056,Clyde
5145,Elbert
5205,Dock
5425,Elmore
5563,Lacy
5683,Pleas
5835,Ab
5927,Theophile
5988,Fount
6062,Ed
6155,Noah
756,Burley
798,Theron
841,Dexter
932,Buck
1200,Pete
1308,Irwin
185,Curtis
2165,Jeff
2575,Albin
2843,Antone
341,Earle
3415,Duncan
3460,Benjamine
3718,Wilton
4113,Percy
4599,Richmond
4694,Parker
4713,Donaciano
4781,Budd
4973,Ah
5331,Benjiman
5396,Steven
5491,Kelly
5675,Leopold
5902,Newman
5951,Blair
6066,Ray
6070,Luther
6294,Ivan
6435,Early
653,Godfrey
753,Bird
1023,Andrew
1172,Christopher
1187,Harley
1351,Ezekiel
1402,Gustav
1408,Phil
1490,Frederic
1585,Sid
1705,Woodie
1976,Prosper
2041,Howard
2145,Eli
2178,Monroe
230,Mose
256,Neal
2599,Paris
2657,Brooks
2747,Toney
2936,Vernie
2952,Bayard
3026,Oscar
3202,Don
329,Granville
3366,Myron
3420,Isom
3579,Melville
3757,Gerhard
3995,Marcellus
4173,Ollie
4187,Ellis
452,Jules
4635,Hollis
4677,Godfrey
4885,Elden
4899,Graham
4935,Ocie
4964,Vander
4967,Whit
4970,Abb
537,Coleman
5512,Lamar
5577,Alford
5658,Eldon
5996,Graham
6086,Philip
6164,Nicholas
6206,Austin
6418,Davis
1087,Garfield
1157,Lonnie
1654,Archer
1738,Garland
1857,Toney
1942,Joesph
201,Enoch
2163,Willard
2311,Seth
2412,Sol
2613,Berton
3295,Clement
3409,Nels
3487,Hardy
3563,Cicero
3778,Murphy
3816,Curt
3877,Tobias
4257,Louie
4627,Emmitt
5144,Russell
5532,Houston
6185,Pearl
6481,Florence
799,Tobias
967,Gustavus
1110,Everett
1147,Elbert
1167,Curtis
1378,Isom
177,Nicholas
1871,Antone
1935,Hilliard
2217,Gustave
2304,Sim
2494,Carson
2687,Winfred
2787,Ford
2797,Ivory
2809,Mont
344,Fletcher
3535,Elzie
3910,Bluford
4075,Alexander
4099,Dan
4307,Clem
4318,Enoch
4347,Hans
4374,Arther
4384,Wm
4459,Lum
4666,Benjamen
4680,Julious
5203,Elias
5277,Ferdinand
5312,Isaiah
5314,Lyman
5318,Dee
5789,Essie
5838,Almond
5860,Dominick
604,Benton
6083,August
678,Stonewall
104,Amos
1346,Waldo
1566,Bradley
1947,Justus
2213,Johnnie
2283,Gordon
229,Max
2290,Loren
244,Dock
246,Jackson
2470,Clair
2625,Lonzo
3599,Berton
3626,Ocie
3639,Tobe
3850,Ludwig
3954,Gregorio
4085,Marion
413,Johnie
4656,Travis
4704,Ammon
4706,Barry
4983,Bessie
5264,Jeremiah
5555,Doc
5832,Wilhelm
5898,Milan
60,Edgar
6112,Rufus
6320,Clay
657,Isadore
68,Oliver
702,Fernando
90,Milton
978,Hoyt
1165,Silas
1171,Elijah
1391,Milo
1771,Ruffus
2038,Lewis
2297,Al
2844,Arlie
2976,Ell
3330,Clay
3469,Hezekiah
3540,Jesus
3585,Orrin
3603,Cary
3608,Dillard
3713,Rosco
3963,Horatio
4535,Orange
4785,Collie
4959,Thad
5416,Ernst
5569,Norris
6361,King
1356,Junius
1381,Mitchell
1382,Orrin
1785,Alvie
1875,Augustin
194,Ollie
2168,Wilbur
2278,Emory
2449,Truman
2498,Elza
2621,Hosea
2768,Connie
2832,Weston
2956,Booker
3278,Burt
418,Otho
4382,Porter
4556,Henery
4784,Chancy
5065,Bert
5265,Conrad
5342,Taylor
5380,Casper
5439,Addison
5861,Eben
6036,Howard
6076,Hugh
6133,Adam
6478,Elvin
1113,Eddie
1234,Dock
1358,Wilfred
1385,Sim
1434,Finis
1472,Judge
1759,Oran
1825,Hunter
19,Joe
1967,Mercer
1968,Monte
2072,Hugh
2321,Wilber
2355,Caleb
2465,Sterling
2475,Fay
2661,Davis
2958,Bruno
3138,Willard
3174,Nicholas
335,Carroll
3459,Alf
354,Washington
3739,Delmer
404,Bertram
4063,Edgar
429,Cassius
4308,Nels
4502,Winfred
4842,Wayman
4960,Tilman
5014,Arthur
5529,Hayes
5562,Irwin
5728,Gertrude
578,Dempsey
5862,Eber
5973,Dexter
6244,Glen
994,Kelly
1203,Nicholas
1331,Boyd
1625,Jule
1656,Bartholomew
1883,Buster
1890,Clarke
1922,Garner
2049,Claude
2051,Bert
2485,Saul
2500,Finley
2566,Mason
2817,Rice
2859,Cooper
2864,Dolph
3246,Austin
347,Neil
3689,Cornelious
3917,Chalmers
4128,Jose
4184,Jeff
4551,Ellsworth
464,Bennett
4641,Lenard
4720,Harlow
4779,Bonnie
5168,Ellis
5217,Christian
5975,Domingo
6032,Daniel
6166,Moses
1038,Jacob
1051,Herman
128,Melvin
1316,Stewart
1685,Odie
23,Andrew
2374,Morton
2502,Jesus
2635,Otha
2782,Ewing
280,Roland
3323,Clifton
3623,Minor
3828,Felipe
3896,Amado
3921,Charle
3951,Gideon
41,Carl
4231,Lon
439,Sterling
4697,Rubin
4871,Cassius
4981,Beecher
5084,Archie
5161,Clinton
5209,Riley
533,Beverly
5364,Christ
5484,Early
5612,Byrd
5667,Harvy
5905,North
5968,Cora
5989,Fredric
6071,Patrick
6085,Eddie
6126,Ross
6216,Hubert
6355,Porter
837,Curt
840,Delmar
102,Anthony
1302,Myron
2060,Harvey
2373,Junius
2870,Emilio
3047,Paul
3157,Gus
3287,Lynn
3780,Orrie
4121,Mack
4191,Austin
4290,Gustav
4924,Lionel
530,Augustine
5716,Dalton
6051,Raymond
6054,Francis
6364,Pat
1210,Chris
1489,Fate
1557,Ransom
1878,Bedford
1924,Golden
2287,Benjiman
2293,Clem
2519,Cliff
2520,Dell
2810,Nat
2899,Lawyer
3237,Riley
345,Judge
3945,Ewin
4139,Gilbert
4275,Miles
4346,Frederic
4368,Francisco
4385,Chauncey
4571,Aron
4596,Oral
4616,Asbury
4811,Hilliard
4902,Hill
5417,Harmon
5483,Cicero
55,Claude
5827,Starling
5865,Ellie
5963,Claus
6050,Eugene
6350,Houston
931,Brooks
1066,Oliver
1396,Caleb
1740,Gideon
1831,Lonie
2198,Owen
2269,Lorenzo
2348,Jonas
2491,Art
2735,Melville
2927,Rollo
3667,Martha
3915,Carleton
4169,Silas
4301,Forest
4643,Lou
4711,Callie
474,Lige
4900,Handy
5221,Juan
5271,Nick
5558,Frances
5879,Ivey
6239,Julian
6332,Dee
976,Holly
1422,Gabriel
1456,Verne
1688,Reed
2004,Charles
2204,Asa
2237,Christian
238,Orville
2582,Dexter
2682,Octave
2869,Elwin
2982,Erasmus
3069,Isaac
319,Adelbert
3659,Fate
3746,Ellie
4349,Pat
456,Orlando
4739,Newell
4763,Adelard
491,Lou
5197,Sherman
5709,Campbell
5848,Chesley
5931,Watson
5983,Estevan
6451,Addison
6465,Sanford
111,Franklin
1190,Orville
1311,Madison
1468,Elza
1533,Asbury
1790,Augustine
2105,Dave
263,Matt
2688,Wong
2770,Dayton
3220,Columbus
3370,Al
3390,Merrill
3453,Houston
349,Seth
403,Alvah
4041,Frederick
4115,Jess
4513,Leland
4780,Bruno
4788,Curt
4945,Ossie
5420,Sandy
5506,Duncan
5803,Junior
6201,Eli
6220,Nathaniel
645,Doc
694,Crawford
723,Olen
1237,Burton
1301,Matt
1570,Dexter
1939,Ida
197,Solomon
1989,Webster
2011,Harry
2080,Stephen
2107,Dennis
220,Bill
2243,Scott
2493,Bennett
2540,Basil
2627,Lowell
2825,Shade
3032,Sam
3035,Peter
3485,Everette
3568,Dwight
3940,Emilio
4003,George
4356,Jean
4380,Myron
4479,Merton
4845,Winnie
4869,Carleton
4916,Justin
4946,Palmer
5078,Leonard
5118,Jerry
5248,Karl
5494,Omar
5557,Florence
5623,Larkin
6011,Harry
6114,Nathan
6129,Wilbur
6381,Vern
719,Marquis
722,Odie
748,Arlie
885,Ottis
1069,Hugh
1105,Harold
1148,Phillip
2422,Simeon
2579,Bishop
2851,Bee
3008,Robert
3177,Felix
3994,Mannie
4022,Richard
4202,Steve
4285,Douglas
436,Merle
4605,Troy
4735,Mannie
4999,Cody
5055,Francis
5140,Adam
5172,Ollie
5184,Max
5247,Bud
5295,Ulysses
5542,Stuart
5726,Finley
6061,Clyde
6108,Leon
6169,Owen
6211,Orville
709,Hoy
901,Tracy
962,Gee
983,Hyrum
1078,Theodore
1107,Adam
1149,Jasper
1184,Timothy
1437,Jules
1992,Wiliam
2044,Jim
2116,Calvin
2467,Waldo
2581,Coy
2728,Hurley
3022,Ernest
3081,Allen
3164,Jasper
3465,Fay
3791,Theadore
3881,Vicente
3894,Alphonsus
3975,Lambert
4110,Perry
4161,Irvin
4190,Edmund
4357,Jordan
4450,Adelbert
4505,Casper
4915,Junious
4933,Namon
4948,Pleasant
507,Eldridge
5244,Clark
5268,Jefferson
545,Jean
5718,Dorsey
5762,Webb
5795,Geo
5805,Lark
5837,Algie
5841,Asbury
606,Cornelious
6236,Edmond
6387,Jason
6436,Emerson
891,Rupert
1344,Judson
167,Marshall
1961,Manly
2160,Aaron
2391,Elliott
3082,Horace
3294,Clem
3655,Dempsey
3761,Hershel
3847,Larkin
412,Jesus
4238,Wade
4327,Burt
4394,Seth
4602,Shirley
4773,Auther
5011,Harry
5025,Richard
5388,Johnny
5430,Lew
5468,Jonah
5596,Mortimer
5720,Egbert
6034,Elmer
6040,Ralph
6446,Stuart
6476,Crawford
729,Quincy
738,Solon
936,Chesley
1027,Oscar
1247,Edd
1527,Solon
1571,Emmitt
1762,Percival
1951,Lawerence
1966,Math
2468,Allan
2994,Gaylord
3056,Edwin
3658,Ephriam
4311,Sanford
4331,Emile
4493,Garrett
4689,Obie
4754,Verne
5579,Artie
5766,Bailey
5819,Ossie
5978,Ebb
6122,Alvin
93,Julius
95,Sidney
1312,Sanford
1432,Coleman
1451,Lou
1538,Burl
1683,Mervin
1716,Boss
1839,Neil
1852,Starling
2022,Joe
2066,Charley
2257,Ervin
2315,Omer
2428,Burl
2686,Tracy
2820,Roman
3361,Jonas
3473,Newt
3769,Lionel
3907,Blair
3924,Commodore
4101,Clifford
4647,Rush
4745,Rosco
4810,Hermon
4858,Author
5276,Edmond
5300,Emanuel
5334,Isiah
5589,Junius
5754,Sanders
5821,Purl
6044,Grover
819,Asberry
822,Augustin
927,Boston
982,Hunt
103,Eddie
1231,Steve
1397,Cicero
1461,Aron
1627,Leland
1802,Casimiro
1817,Hall
2152,Christopher
2328,Porter
2435,Wm
2507,Newt
2629,Merrill
3053,Claude
3079,Alexander
3240,Enoch
3495,Watson
369,Madison
3763,Ivy
38,Jacob
3880,Verne
3899,Arvid
40,Elmer
4427,Simeon
4533,Lige
4614,Art
5200,Millard
5305,Ole
5888,Lindsay
6354,Pedro
941,Daisy
1059,Edwin
1297,Elwood
1667,Ely
1682,Marcellus
2008,Henry
2484,Randolph
2584,Emmitt
2636,Perley
2658,Burley
3152,Hiram
3335,Wayne
376,Karl
3874,Thos
3901,Banks
4342,Lynn
4622,Dale
506,Carlton
5552,Brown
5708,Burr
5781,Dillard
582,Finley
585,Gerald
5914,Parker
5940,Alf
6055,Ben
6196,Mose
913,Alphonso
977,Hosteen
1315,Lon
1348,Carroll
1441,Almon
1443,Bertram
1506,Cary
2233,Solomon
2246,Mathew
2344,Royal
2369,Christ
2410,Merton
2497,Dick
25,Ernest
2867,Eliga
3185,Dock
3262,Anderson
3273,Mathew
3438,Giles
3456,Tim
3498,Blaine
3538,Gust
373,Aubrey
4895,Fulton
5043,Ralph
5167,Orville
5216,Andy
5691,Tillman
5794,Gee
5828,Tommy
5991,Gabe
6026,Will
688,Butler
744,Aden
914,Alvia
1201,Vernon
1465,Buck
1693,Squire
189,Harrison
2122,Adam
2600,Pinkney
270,Green
271,Juan
3094,Leo
3497,Aloysius
3508,Margaret
3925,Coy
3943,Essex
4348,Jimmie
4883,Edna
5119,Perry
5333,Erwin
5382,Raleigh
5618,Haywood
5737,Levy
5976,Drury
6072,Leo
6483,Ivy
1028,Daniel
1138,Otis
1355,Josh
1449,Harris
1621,Godfrey
1725,Doss
1828,Ivey
1900,Dennie
2245,Enoch
233,Abe
2416,Francisco
2482,Palmer
292,Elisha
297,Mitchell
3018,Louis
3083,Archie
3103,Grover
3141,Mark
3144,Maurice
3476,Rollin
3480,Alphonse
3734,Byrd
3832,Gabe
4039,Earl
4070,Lawrence
4203,Augustus
4422,Loren
4655,Toney
4746,Santiago
4914,Juluis
5013,Fred
5255,Anderson
5435,Sterling
5648,Benny
827,Caesar
879,Mitchel
971,Harl
993,Katherine
1170,Alva
135,Victor
1426,Merton
156,Simon
1739,Garrett
190,Stanley
1955,Linwood
2143,Jose
2362,Otho
2370,Clement
2593,Llewellyn
2665,Eldridge
2672,Jule
288,Ned
3004,George
303,Pedro
3109,Leslie
3322,Ward
338,Milo
3410,Rolla
3861,Olof
4100,Willis
44,Martin
4491,Emerson
5012,Walter
5100,Eddie
5207,Wilson
5212,Bruce
5231,Harley
5239,Vincent
5452,Josiah
6175,Nelson
6190,Wilson
779,Len
957,Everette
1068,Otto
1140,Wallace
144,Adolph
1606,Clair
1714,Ballard
176,Eli
1917,Evertt
2084,Homer
2202,Edd
2679,Lindsay
2748,Walton
2910,Mattie
3122,Alonzo
3375,Leland
3431,Stewart
3743,Eben
3756,Geo
3806,Asbury
3818,Delos
4051,Ben
4055,Clyde
4822,Nickolas
4824,Odell
4920,Larkin
4990,Burgess
5114,Jess
531,Bailey
5365,Earle
5446,Fritz
5604,Williams
5807,Leigh
5846,Burnett
5901,Nellie
5909,Orson
5920,Roe
6318,Tony
754,Birt
830,Clarke
858,Gustaf
963,Gorge
985,Isam
1084,Horace
1206,Ora
1513,Frances
1700,Unknown
1713,Auther
1830,Lafe
1842,Orla
1889,Clarance
2395,Lucian
2716,Dolphus
2726,Hollis
3097,Stephen
3236,Clark
3304,Ruben
4000,John
4228,Ferdinand
4559,Lem
4669,Cary
5198,Timothy
5411,Allie
5535,Jules
6099,Leroy
6228,Joshua
6284,Miles
6356,Benjiman
6429,Warner
1116,Amos
115,Harold
1245,Byron
1326,Jonas
1442,Aubrey
1499,Noel
1567,Cal
2215,Pearl
241,Marcus
2513,Alvah
2806,Marsh
3204,Augustus
3471,Lonzo
3628,Oren
3766,Lars
3817,Dana
4400,Carlton
4452,Alford
4483,Shelby
5021,David
5073,Ray
5410,Allan
5514,Lucien
5694,Wendell
5938,Alden
6283,Louie
6337,Carroll
728,Price
82,Archie
1033,Roy
1063,Isaac
1120,Eli
1199,Marvin
1393,Orlando
1400,Dean
1523,Pleasant
1815,Gregory
193,Ora
2223,Riley
2506,Micheal
2619,Gary
2674,Junious
2692,Alec
2713,Chin
2824,Seward
283,Don
2955,Bluford
2992,Gaines
3147,Clinton
3238,Solomon
3520,Ted
3681,Aron
4764,Albion
4982,Benny
5177,Mark
5294,Tony
5616,Godfrey
5763,Wilton
5808,Lindsey
6258,Bennie
638,Zeb
725,Orley
755,Bruno
857,Grace
998,Lawyer
1504,Alphonse
1547,Lonzo
1603,Buford
1604,Byrd
1742,Handy
1999,Adelard
2256,Emanuel
2346,Hal
2890,Huston
3417,Evan
3530,Brown
3537,Fritz
3555,Young
3961,Helen
3970,Josephus
4554,Eric
4619,Buford
4797,Emilio
5224,Wade
5336,Merle
5463,Axel
6016,Clarence
6223,Donald
6475,Clint
1209,Newton
1617,Emma
1723,Coy
1872,Arden
1963,Marcel
2190,Ike
2261,Gustav
2788,Gail
2998,Hallie
3001,William
3256,Miles
3397,Wash
3398,Washington
3870,Simpson
4029,Oscar
4401,Dewitt
4480,Minor
4760,Woodson
5018,Louis
5597,Price
5620,Hunter
6172,Edmund
6198,Johnnie
6427,Rollie
650,Ernst
805,Watt
852,Ethel
965,Gregorio
1710,Alphonso
1994,Wing
2025,Jesse
2134,Hiram
2151,Felix
2177,Harrison
2181,Max
2400,Clarance
2460,Lew
2488,Adelbert
2533,Phil
2819,Rollin
3334,Lucius
3493,Ulysses
3519,Steven
3545,Lindsey
3971,Joy
3973,Julious
4253,Delbert
4412,Sterling
4462,Murray
4668,Burl
4778,Bird
53,Ralph
5360,Loyd
5568,Mont
5717,Danial
5971,Dawson
6117,Jerry
6379,Sim
1018,Louis
1370,Leander
1864,Yee
1879,Belton
245,Donald
285,Gustav
3165,Jose
3222,Gustave
3643,Alfonso
3690,Dow
3755,Gaston
4076,Ray
4120,Wesley
4494,Harve
4660,Willian
4683,Ludwig
4962,Tommy
5115,Norman
5121,Dennis
5394,Randolph
5508,Emma
5749,Park
5982,Erle
6246,Wiley
6291,Isaiah
6372,Foster
6411,Lawson
1262,Hugo
1558,Rush
231,Steve
2356,Casper
2523,Henery
2922,Randle
3270,Marcus
3318,Fletcher
3332,Forrest
3593,West
3840,Hunter
3846,Landon
3887,Woodie
398,Stewart
4108,Calvin
4193,Nicholas
4288,Ambrose
4353,Hal
4406,Lucian
450,Houston
4610,Young
471,Gabriel
5020,Ernest
5428,Judson
834,Cora
92,Leo
1177,Asa
122,Adam
1471,Johnie
1564,Bee
1766,Price
1950,Lane
2176,Fredrick
2254,Tony
2643,Shelton
293,Ferdinand
294,General
3050,Eugene
3142,Simon
3382,Aubrey
3701,Llewellyn
380,Allan
3928,Danial
4023,Charlie
4046,Tom
4172,Wilbur
4381,Olin
4636,Hudson
5218,Gustave
5397,Washington
615,Gideon
6162,Ellis
6222,Lon
6253,Green
660,June
869,Ishmael
1077,Floyd
108,Wesley
117,Levi
1399,Clint
1674,Jesus
1741,Halsey
1997,Ab
2236,Sherman
2326,Pat
247,Cecil
2650,Zeb
2884,Hermann
3034,Alfred
3156,Moses
3158,Noah
3184,Anton
3190,Steve
3258,Lemuel
3344,Lem
3500,Elizabeth
3617,Jonah
3704,Melton
4008,Henry
414,Jonathan
4322,Ole
4630,Evert
4678,Hezekiah
482,Alma
5249,Marcus
5370,Josh
576,Cleveland
5815,Newt
612,Emma
6390,Lem
671,Orrin
968,Halsey
1460,Alma
2073,August
2119,Lloyd
2279,Forrest
2586,Finis
2623,Kirk
2675,Justus
2715,Doctor
2872,Fernando
3654,Collins
3872,Sylvanus
4188,Harley
4361,Carroll
4471,Dell
4568,Vivian
4777,Billy
4855,Antoine
4917,Justus
5387,Davis
5442,Cary
5493,Nat
5549,Avery
5585,Emmitt
605,Billie
6113,Leslie
627,Palmer
6281,Lemuel
6363,Oren
683,Ashley
86,Raymond
1291,Lucian
1583,Russel
1708,Alec
1755,Merrill
1973,Page
2109,Lester
2511,Rollie
2609,West
261,Conrad
2653,Asbury
2670,Herschel
281,Spencer
2834,Williams
3135,Gilbert
3178,Stanley
3531,Clare
3678,Annie
4002,James
4089,Jessie
4122,Gus
4194,Sherman
4344,Dudley
461,Sim
4783,Catherine
4897,Gerhard
5138,Claud
5174,Wiley
5779,Cornelious
58,Charley
5814,Newell
5882,Justus
6226,Forrest
816,Annie
821,Asher
929,Bradford
949,Eliga
1057,Harvey
1244,Barney
1578,Mont
1591,Willam
1886,Campbell
1925,Graham
2043,Paul
2175,Mose
2259,Major
2413,Wilbert
2574,Wyatt
2608,Webb
2632,Mitchel
2908,Marcellus
2918,Ott
3065,Otto
3099,Clifford
3192,Asa
3668,Merritt
3843,Isreal
3873,Tandy
394,Francisco
4062,Charley
4248,Julian
4398,Alphonse
4507,Early
4732,Lonie
4996,Charly
6335,Allan
6457,Emmitt
741,Troy
877,Michel
1122,Jay
1129,Willard
1239,Emory
1248,Joshua
1264,Millard
1321,Otho
1628,Lew
2007,Thomas
2457,Enos
2594,Manley
2641,Sebastian
2645,Stuart
2743,Sampson
2987,Ewin
3009,Thomas
3085,Sidney
3217,Christian
360,Wayne
3736,Connie
3813,Cameron
3900,Atlas
416,Malcolm
437,Murray
5088,Philip
5278,Forrest
5317,Carlos
5423,Carlton
5476,Tim
5638,Worley
5659,Elige
5777,Cloyd
5997,Gray
6027,Willie
6303,Gustav
751,Benito
1080,August
1363,Dwight
1561,Wilmer
2240,Preston
2352,Nels
2589,Issac
2761,Ballard
2792,Hayes
3232,Irving
3253,Bud
3751,Ewell
3851,Mabel
3918,Chance
4090,Emil
4434,Benton
4807,Hallie
511,Johnson
5146,Hiram
5381,Israel
616,Haywood
6233,Byron
731,Rich
1096,Julius
1146,Jess
1595,Alpha
1996,Wright
204,Nathaniel
2050,Herman
2212,Dock
2501,Gene
2919,Percival
3349,Merle
3472,Mont
3475,Rex
3542,Kelly
3616,Howell
363,Evan
3815,Cullen
3859,Obie
399,Vern
5075,Homer
5222,Monroe
5785,Enrique
5935,Ada
6157,Lonnie
6272,Kenneth
665,Ludwig
673,Oswald
865,Hollie
1005,Frank
1035,Frederick
1037,Elmer
1123,Hiram
1163,Simon
1181,Virgil
1268,Seth
1293,Vincent
1560,Tommie
1702,Wendell
1763,Pierce
1983,Shannon
2289,Elisha
2384,Orrin
2405,Jason
2425,Adrian
2452,Alford
2577,Benton
2614,Dillard
2985,Essex
3359,Dee
3612,Godfrey
3657,Dora
3799,Adolf
4077,Patrick
4081,Archie
4214,Donald
4487,Arlie
4612,Angelo
5524,Elliott
5560,Heber
5765,Alois
5780,Davie
6341,Fay
81,Allen
832,Colin
896,Stacy
1050,Edgar
114,Nathan
1317,Antonio
1582,Rupert
1646,Roe
1744,Horatio
242,Preston
2897,Landon
2986,Ewell
3257,Wilfred
33,Willie
350,Glen
3564,Dale
3589,Thaddeus
366,Junius
3906,Bertrand
4092,Stephen
4098,Leroy
4156,Cornelius
430,Davis
4391,Judge
540,Dwight
5419,Merritt
5631,Seymour
5646,Arlie
5687,Rose
5812,Malachi
5908,Orlo
5921,Rogers
5947,Ballard
6187,Vernon
622,Lum
6259,Boyd
6263,Arnold
6290,Elisha
682,Aron
708,Henery
778,Jennie
916,Arvid
1127,Gus
1179,Fredrick
1256,Bud
1594,Allison
2074,Theodore
213,Vernon
2266,Ezra
2560,Jordan
291,Chauncey
3557,Author
3827,Enrique
4056,Francis
4091,Cleveland
4337,Granville
4875,Dalton
4943,Osborn
5237,Preston
5344,Archibald
536,Cloyd
5451,Jordan
5505,Dolphus
5507,Elmo
5530,Henderson
5578,Aron
6005,Frank
759,Cliff
1162,Wiley
1183,Mose
1410,Smith
1479,Norris
2553,Evan
2680,Lonie
2736,Milford
2861,Delos
2944,Alby
3017,Clarence
3169,Mike
3306,Ivan
3319,Glen
3533,Coleman
3673,Vance
3735,Chauncy
3965,Ida
4017,Clarence
4185,Cecil
4424,Orin
4454,Erwin
4727,Irven
4771,Archer
4772,Asberry
4927,Marlin
4947,Percival
5330,Roger
5357,Ezra
5438,Abram
555,Phil
5610,Benton
592,Olin
5970,Cris
6146,Jake
6394,Washington
6412,Murray
6480,Enos
679,Theo
739,Thurman
958,Firman
1126,Aaron
1478,Newell
150,Claud
1672,Herschel
2082,Ray
2225,Emery
269,Ezra
277,Jeremiah
4143,Mark
4209,Barney
4581,Elmore
4707,Barton
4958,Stanislaus
5175,Anton
526,Aloysius
5375,Spencer
5465,Ellsworth
5674,Kirk
5680,Nicolas
5698,Wyatt
6018,Louis
623,Malachi
6383,Burl
6462,Lindsey
794,Roderick
952,Ely
1507,Cleveland
1622,Harper
1680,Lue
170,Anton
1923,Garnett
1969,Montgomery
2023,Andrew
2771,Delmar
2813,Olie
2836,Addie
3245,Andy
3455,Sol
382,Dallas
3857,Meyer
393,Erastus
4096,Dave
4298,Mitchell
4299,Wayne
4488,Beverly
4625,Duncan
4733,Loran
5098,Leon
5227,Miles
5341,Sol
5455,Rex
566,Webb
5856,Delmar
5892,Mahlon
593,Pablo
6078,Isaac
6287,Burton
654,Guss
687,Buster
860,Hampton
1173,Owen
1202,Marshall
1597,Anson
1599,Basil
1612,Dolph
178,Wilson
2170,Virgil
2386,Wayne
2433,Oren
2446,Thornton
2489,Adolphus
2606,Tim
2681,Minor
2804,Manning
2885,Hershel
3059,Francis
3188,Owen
3230,Scott
3367,Napoleon
3381,Addison
3394,Ramon
3574,Hosea
3717,Willian
4011,Harry
4252,Riley
4558,Ivory
4757,Webb
4787,Curley
4873,Cleo
5125,Lloyd
5132,Adolph
5148,Irvin
519,Rodney
5688,Rubin
6165,Mike
6302,Ervin
6377,Prince
1186,Edmund
1319,Don
153,Earnest
1914,Essie
2083,Jessie
2132,Levi
259,Myron
3269,Luke
3835,Heber
3862,Orie
4367,Oren
4574,Bishop
48,Jim
4957,Spurgeon
5009,Thomas
5024,Joe
5033,Carl
5090,Bernard
5915,Ples
6031,Carl
6215,Edd
6229,Roland
6370,Elliott
1225,Juan
1390,Lem
1430,Anna
1581,Pleas
1640,Ples
1768,Rex
1881,Blair
1980,Roll
217,Rudolph
2302,Ned
2624,Linus
2912,Melton
3062,Charley
3362,Judson
3598,Bertie
3792,Unknown
3820,Dexter
3869,Samual
4715,Festus
500,Rubin
5225,Jerome
5736,Lemon
5930,Vivian
6274,Riley
833,Commodore
950,Eliseo
1044,Ralph
1217,Bob
141,Jake
1413,Ulysses
148,Reuben
173,Phillip
180,Harley
1891,Cliff
2133,Earnest
2141,Jake
240,Bruce
243,Bob
2450,Turner
2541,Benjaman
2592,Lacy
2837,Alan
2932,Sylvanus
3229,Cyrus
3968,Jep
4016,Samuel
4102,Leon
4448,Wilmer
4637,Joesph
4909,Isham
4994,Carrie
515,Mont
5445,Emerson
5518,Thaddeus
5591,Lucious
5782,Earlie
5955,Burdette
6177,Harrison
643,Carson
6485,Orval
1204,Ike
1212,Pearl
1320,Noble
1531,Winfred
159,Mark
1643,Ramon
1760,Orson
2070,Ira
209,Ellis
2125,Elijah
2186,Timothy
2265,Lucius
2383,Lige
239,Lorenzo
2984,Erle
3119,Norman
3320,Josh
3525,Zeb
3731,Burr
377,Minor
3795,Wendell
3834,Hartwell
3856,Mell
3897,Ananias
4241,Edd
4675,Ennis
5005,Frank
5099,Victor
5111,Leslie
5155,Jasper
5460,Warner
5678,Milford
5760,Verner
5932,Wheeler
6053,Jacob
6128,Mark
783,Mac
867,Hope
97,Dan
992,Justice
1081,Marion
1221,Riley
1332,Clay
1411,Tomas
1575,Lacy
1602,Bryant
1724,Denton
1907,Ellison
2052,Eugene
2858,Cloyd
3028,Will
304,Berry
3101,Perry
316,Ulysses
3234,Vernon
3392,Murray
3822,Edna
4042,Lee
4068,Luther
427,Carlos
4304,Wilfred
4820,Mart
4903,Hillard
5109,Everett
5208,Ora
5511,Kirby
5541,Rodney
5652,Carleton
5798,Hamp
5843,Authur
5854,Constantine
589,Lindsey
5954,Brent
5962,Clarance
5987,Fitzhugh
6174,Virgil
642,Avery
6432,Buster
812,Alpha
106,Clifford
1180,Russell
1450,Henery
158,Irvin
1789,Ashton
1869,Angelo
2032,Roy
2053,Ed
2244,Conrad
2445,Rolla
2544,Butler
2876,Gee
2879,Grace
2968,Davie
3025,Joe
3225,Johnnie
3435,Christ
3697,Hamp
3812,Budd
402,Adrian
4149,Levi
4283,Cyrus
4516,Mason
457,Pierce
4716,Finis
5066,Chester
5201,Fredrick
5385,Stewart
5456,Shirley
5470,Leander
5509,Harris
5719,Earley
5741,Maxwell
6014,Fred
6279,Emory
67,Guy
811,Allison
1034,Lewis
1132,Gilbert
1169,Maurice
1174,Austin
1274,Neal
1289,Abram
1313,Archibald
1406,Ned
1534,Bart
1715,Barton
1813,Gee
2358,Granville
236,Clark
2528,Luis
2529,Merle
3235,Winfield
3289,Grant
3374,Harve
3502,Gerald
3505,Jason
4064,Otto
407,Fritz
4294,Jonas
4359,Boyd
4528,Dean
4545,Wyatt
4618,Benjamine
4654,Tillman
4742,Paris
4750,Thurman
4799,Ethel
4950,Purl
4965,Vicente
547,Luis
5581,Bertie
5731,Harve
6030,Earl
6277,Gustave
6414,Troy
6442,Lucious
6470,Angus
792,Rafael
838,Damon
84,Chester
1732,Erving
2222,Joel
2299,Bud
2439,Dwight
2617,Ephriam
266,Emory
2664,Edna
2945,Alcee
3016,Samuel
3127,Jay
3407,Jean
4038,Lewis
4473,Elzie
4684,Manley
497,Parker
5431,Olin
5635,Thad
5689,Terence
6077,Harold
6231,Hiram
6273,Marcus
922,Barnett
1048,Eugene
143,Percy
1447,Fay
1727,Egbert
1944,Jonah
2238,Hubert
2865,Domingo
3123,Wallace
3201,Joshua
322,Jonas
3426,Mathias
3634,Rube
3841,Irvine
4536,Orrin
4679,Jens
4938,Odis
4984,Birt
5159,Nelson
5564,Lawson
564,Truman
567,Wellington
6017,Samuel
6042,Lewis
6056,Lawrence
6075,Bert
6312,Delbert
648,Elizabeth
777,Ivey
849,Elsie
1155,Mack
1368,Jonathan
1466,Colonel
2401,Elton
2418,Hugo
2546,Denis
2724,Gustavus
2855,Carrie
3041,Earl
3071,Oliver
3150,Percy
3231,Ervin
3308,Alton
3364,Loren
3569,Eric
4049,Jacob
4335,Dee
4523,Carlos
4553,Ephraim
4851,Alphonsus
4880,Doss
490,Howell
4907,Hurley
4932,Myrtle
494,Nat
4993,Carol
5050,Eugene
5409,Zack
5598,Rolla
5622,Lafe
5697,Wright
5774,Burrell
5981,Elsie
6138,Levi
6184,Monroe
6193,Dock
6296,Lyman
715,Lenard
79,Marion
864,Hillard
893,Sammie
930,Bradley
1011,Harry
1194,Lemuel
1787,Asher
1818,Heber
1826,Hurley
1960,Malachi
2147,Manuel
2184,Russell
24,Daniel
2563,Lum
313,Douglas
336,Freeman
3486,Ezekiel
3703,Luis
4326,Berry
444,Clement
4453,Caleb
4485,Wilford
4524,Carson
465,Casper
4658,Wellington
4813,Isreal
5103,Clifford
5123,Matthew
5486,Erastus
562,Tim
5939,Alejandro
5949,Bernie
5958,Carrie
6289,Douglas
701,Felipe
9,Robert
1467,Elton
1495,Logan
1596,Angus
1638,Park
1684,Minnie
1718,Cas
1902,Duke
2101,Wesley
212,Millard
2172,Lonnie
2829,Tommy
2881,Hardin
2959,Burnett
3088,Jessie
346,Laurence
4129,Jay
4260,Edmond
4324,Abram
4340,Josh
4766,Alec
480,Wyatt
5166,Levi
5347,Foster
5386,Wilber
5948,Bee
6343,Lynn
6434,Dwight
757,Chancy
116,Matthew
1353,Gust
1653,Ambers
1752,Mac
1867,Alf
2071,Oliver
2434,Prince
2526,Leland
2549,Duncan
2753,Adolfo
3064,Jack
32,Frederick
3356,Sim
3400,Wilford
3430,Prince
3783,Pleas
3830,Finis
405,Clay
4134,Russell
4351,Emmet
4451,Adolphus
4588,Lawson
4611,Zeb
509,Garrett
5242,Alva
5302,Green
5671,Jodie
5685,Richmond
5772,Bruno
624,Newt
781,Lonie
152,Sylvester
1529,Thaddeus
1824,Humphrey
186,Edmund
1934,Hayes
2260,Miles
2333,Dallas
2417,Geo
2419,Murray
2565,Mahlon
2663,Eber
299,Josh
3011,Harry
3012,Walter
3030,Benjamin
3066,Ira
314,Ole
3275,Jerome
3317,Abner
3383,Emerson
3671,Rupert
3706,Orley
3759,Hallie
3831,Freddie
3986,Lovie
4620,Clare
4749,Theron
513,Logan
5301,Frederic
5332,Carroll
5391,Myron
5533,Johnson
5693,Toney
6035,Alfred
6247,Ike
6401,Tomas
780,Lindsay
907,Zeke
1015,Albert
134,Elijah
1484,Wilburn
1555,Pierre
1754,Mart
1774,Ted
2327,Pink
2887,Hilliard
3029,Roy
3146,Ross
3206,Hubert
3331,Emmet
358,Jordan
3695,Ford
4034,Elmer
4265,Joshua
4515,Luis
538,Dana
5424,Clay
5534,Jones
5822,Roman
6135,Glenn
803,Vivian
806,Weaver
88,Warren
945,Edie
1,William
1024,Ernest
1085,Dan
1150,Ross
149,Wallace
1778,Worth
1937,Hubbard
2228,Lon
2331,Allie
2697,Angelo
2777,Emma
318,Wilbert
3219,Juan
3341,Francisco
3467,Harris
3730,Boss
391,Addison
4025,Roy
4170,Bill
4230,Christian
4328,Kenneth
4585,Hector
4700,Addie
4910,Jarrett
5031,Daniel
5122,Jose
5253,Joshua
5368,Granville
5422,Buck
5889,Linton
6242,Andy
6362,Larry
793,Raoul
899,Thad
1042,Tom
105,Dennis
1168,Felix
1780,Acie
1859,Uriah
1896,Dalton
2021,Richard
237,Gustave
2492,Avery
289,Van
3132,Cornelius
3189,Bob
3387,Junius
3411,Alvah
3439,Harmon
3442,Olaf
3492,Theo
3632,Reece
3644,Alonza
3694,Festus
3768,Levy
3787,Rogers
3878,Toy
3948,Gale
4135,Stanley
4211,Pearl
4274,Luke
4743,Perley
4913,Jule
4939,Oley
5245,Glen
5405,Madison
550,Miguel
5626,Miguel
5725,Fielding
5876,Holly
5917,Reason
5992,Gaines
6065,Floyd
6454,Arther
646,Eben
774,Harman
1065,Lawrence
1220,Nathaniel
1281,Isaiah
1376,Emerson
1948,Kirby
20,Charlie
2285,Mitchell
2345,Taylor
2830,Unknown
2995,German
4048,Martin
4218,Chris
4293,Neal
4518,Rolla
5202,Newton
5448,Isom
561,Thornton
5707,Burley
5999,Griffin
600,Alois
6022,Richard
6043,Herman
6084,Ira
6132,Wallace
6416,Abner
680,Tillman
1014,Fred
1088,Stephen
1309,Jackson
1342,Hans
1731,Elzie
1748,Leopold
1895,Craig
2455,Aubrey
2556,Garnett
2754,Alanzo
2939,Wilhelm
305,Dewitt
325,Archibald
3698,Hosteen
3964,Hyman
3985,Loring
4083,Leo
4354,Israel
4623,Doc
4722,Hershel
5094,Anthony
5139,Stanley
5288,Seth
5338,Napoleon
5401,Dallas
5447,Gerhard
5488,Gust
551,Mortimer
5611,Birt
6365,Raleigh
818,Armand
1072,Jack
1587,Thornton
1650,Willian
1701,Watt
1986,Vaughn
2120,Gus
2514,Blaine
2634,Norris
2742,Roswell
3124,Victor
3180,Wilson
3265,Conrad
342,Elza
3714,Sanders
4303,Morgan
454,Mat
4586,Jesus
4705,Arlington
472,Hector
4726,Ida
5124,Melvin
5160,Simon
5356,Enos
6073,Leonard
6199,Bob
6225,Columbus
6322,Myron
6409,Hugo
6450,Abel
681,Addie
769,Emmitt
859,Hallie
1031,Sam
1226,Marcus
1338,Josiah
142,Mike
1745,Hyrum
1811,Garret
1837,Melville
1952,Layton
2220,Arch
2850,Bascom
2894,Joeseph
3086,Marion
3143,Christopher
3267,Gordon
3311,Forest
3313,Irwin
3440,Henery
3445,Rolland
3621,Maxwell
3732,Buster
3885,Wilhelm
4033,Peter
4164,Simon
4302,Jackson
4320,Lorenzo
4544,Wilburn
4841,Waldo
4861,Booker
4911,Jewel
4991,Burrell
5141,Cornelius
516,Oren
5284,Emory
5299,Burton
5531,Henery
5545,Wylie
5702,Barry
5923,Shannon
960,Flora
1095,Bernard
1374,Dick
1666,Elvis
1726,Edson
1801,Carson
1843,Orlo
2024,Will
2061,Clyde
2219,Grover
2230,Andy
2388,Addison
2559,Jean
2622,Hunter
2783,Fate
2815,Pearley
2938,Wenzel
3100,Dave
3244,Abe
3286,Karl
3342,Isiah
3423,Jules
3543,Larry
3651,Birt
3677,Alvie
3825,Elsworth
3972,Judd
4047,Herman
4219,Marcus
4383,Warner
4433,Aubrey
4477,Issac
4541,Simpson
4725,Hyrum
4839,Thornton
4936,Oda
5074,Ira
5214,Joel
5304,Lemuel
5310,Jonathan
5313,Jackson
5315,Mitchell
5369,Jonas
5404,Loren
571,Basil
5751,Roderick
588,Justus
5895,Math
6096,Norman
668,Minnie
1285,Glen
1474,Minor
1590,Watson
1848,Rodney
1862,Webb
1985,Urban
2364,Angus
2487,Warner
2924,Rene
357,Harmon
3629,Oswald
3645,Andres
3700,Kirby
3866,Robt
4105,Alvin
4572,Bart
4598,Randall
463,Wilburn
4634,Hampton
4708,Baxter
4805,Griffin
5113,Calvin
5154,Gus
5287,Mathew
5395,Rollie
5617,Harlan
5752,Rolland
5758,Theo
6029,Jesse
6285,Omer
6410,Jonathan
750,Bedford
766,Eligah
1160,Stanley
1230,Mike
1403,Harmon
2440,Garland
2652,Anson
2740,Pablo
2996,Greene
3096,Leon
3116,Harold
3686,Bradley
3934,Elige
3956,Hanson
4087,Anthony
4114,Leslie
4259,Asa
4350,Wilbert
4481,Orval
4774,Benjaman
4831,Rollo
4963,Urban
5182,Christopher
56,Edwin
5606,Alma
5664,Garrett
5980,Elon
599,Almon
6389,Judson
6426,Rolla
127,Jess
1463,Bennett
1690,Sampson
1929,Halbert
2064,Isaac
2095,Leroy
2264,Arnold
2318,Boyd
2458,Harris
2471,Clint
2474,Emerson
2508,Parker
2868,Elsworth
2891,Isham
3345,Roger
3425,Leander
3785,Rafael
3803,Alvis
4440,Larry
485,Burl
5150,Manuel
5241,Donald
5254,Louie
6197,Rudolph
6323,Ole
713,Jonah
776,Hollis
1211,Clayton
1423,Issac
1600,Bertie
1806,Dixon
1894,Conway
2033,Benjamin
211,Joshua
2197,Austin
2368,Morgan
2567,Mat
2909,Margarito
295,Julian
2962,Caswell
3254,Elisha
3556,Alpha
3596,Alma
36,Roy
3675,Wong
397,Randolph
4004,Charles
409,Grover
4174,Pete
4514,Lonzo
4519,Albin
4628,Erastus
4724,Huston
4728,Isadore
4826,Orla
4890,Ellie
514,Merrill
5327,Dick
5670,Hollis
763,Delos
768,Elton
10,Edward
1009,Edward
1295,Arnold
1440,Wash
2103,Willis
2270,Lyman
2476,Garrett
2934,Theophile
3023,Andrew
3037,Lewis
3075,Homer
3091,Anthony
3168,Irvin
3214,Bill
3602,Buford
384,Isiah
3991,Mal
420,Rolla
4393,Rollie
4468,Avery
4499,Rupert
4751,Tobe
5083,Theodore
5229,Bennie
5487,Giles
5490,Hardy
5684,Reece
5926,Sylvanus
6142,Claud
6178,Silas
6207,Bill
6232,Asa
6342,Lorenzo
6413,Royal
6484,Nels
1660,Carey
2063,Luther
2104,Anthony
2150,Abraham
2332,Berry
2615,Early
2721,Florence
2893,Jobe
2941,Yee
3450,Clarance
3647,Antone
3664,Isadore
37,Herbert
3950,Gay
3990,Mace
4250,Don
4334,Ruben
4603,Stuart
4755,Vester
4978,Bayard
5374,Pedro
546,Lem
5605,Allison
5609,Bart
563,Travis
603,Authur
6092,Anthony
6158,Roscoe
6330,Wilfred
1036,Peter
1299,Kenneth
1328,Napoleon
1392,Oren
1516,Hamp
165,Elbert
2235,Joshua
2949,Amon
3263,Arch
3293,Carroll
3458,Wm
3488,Johnny
3514,Richmond
371,Orval
386,Johnny
3969,Jodie
4277,Burton
4386,Dwight
4509,Elvin
4747,Son
5015,Albert
5383,Sanford
5492,Mason
552,Nels
5583,Colonel
5608,Ashby
5703,Barton
5778,Connie
6006,Joseph
6163,Jose
705,Ford
955,Erasmus
1521,Olin
1675,Kelly
1979,Robin
2030,Willie
2124,Franklin
2291,Neal
2568,Pierre
2583,Drew
2733,May
2853,Cameron
2920,Press
2978,Ellwood
3014,Fred
3209,Edmond
3941,Emmit
4136,Felix
431,Hamilton
4844,Wes
49,Francis
5007,Henry
5495,Pierce
5704,Baxter
5823,Sarah
6110,Jess
6153,Gilbert
6255,Emery
6316,Josh
6428,Verne
1359,Adolphus
1661,Collins
2047,Martin
2229,Rudolph
2409,Malcolm
2490,Alpha
255,Luke
2595,Odie
3483,Cal
4123,Matthew
4176,Max
4210,Blaine
4425,Phil
4467,Alton
4577,Cicero
4848,Alden
5547,Alpha
5711,Clare
698,Elder
1003,George
1229,Ezra
1823,Huey
2015,Albert
2068,Otto
2262,Jerome
2298,Bennie
2607,Volney
2662,Dean
2689,Young
275,Arnold
2764,Billy
2923,Reece
2960,Burney
3005,Frank
3067,Raymond
3129,Melvin
3130,Franklin
3303,Ned
3384,Frederic
3388,Logan
3461,Clair
3462,Dorsey
3561,Carter
3708,Parker
395,Hardy
4332,Johnie
4432,Al
4503,Abel
4591,Melville
5080,Jessie
5223,Nathaniel
5232,Chris
5414,Dewitt
5565,Lonzo
5587,Freddie
5748,Palmer
5850,Cleave
6326,Leland
909,Abbott
1481,Rollie
1838,Murphy
2142,Ross
2218,Nathaniel
222,Lonnie
2255,Van
2314,Mary
253,Glenn
2757,Alvie
3077,Ray
3108,Dan
3428,Orin
3432,Warner
3481,Arlie
3516,Shirley
362,Clem
3779,Odie
4124,Rufus
4339,Ivan
4470,Bertram
4801,Fayette
5206,Grant
5272,Van
5343,Alphonse
5633,Simeon
5783,Elie
5918,Reed
6189,Irvin
6202,Newton
6235,Conrad
969,Handy
1242,Elias
1258,Lucius
1360,Allie
1401,Forest
172,Manuel
2313,Elwood
2379,Harve
2569,Price
3111,Adolph
3810,Bertha
3844,Jeptha
4095,Philip
4119,Jerry
4648,Sampson
4662,Adrian
4687,Nellie
4956,Simmie
5019,Grover
5262,Boyd
575,Burr
5800,Hyrum
5804,Junious
5806,Laurance
6013,Arthur
6424,Minor
6479,Emmit
732,Richmond
911,Albertus
988,Jewel
1214,Augustus
1284,Van
1327,Lige
1658,Billie
181,Newton
2387,Wilfred
2397,Wilburn
2921,Rafael
2928,Rutherford
2966,Cortez
306,Ervin
3076,August
3474,Noble
3484,Ephraim
3683,Bailey
3687,Brady
3804,Ammon
4632,Finley
4692,Ottis
4876,Delmar
5354,Adolphus
5528,Gideon
5650,Budd
607,Darius
6183,Max
6266,Chas
6271,Ezra
63,Luther
934,Ceylon
1067,Clyde
1086,Ray
1119,Dennis
1240,Luke
1343,Israel
1420,Enos
1552,Mortimer
1677,Larry
1709,Alice
1912,Ephram
1998,Add
2214,Anderson
225,Edd
2320,Napoleon
235,Chris
2786,Fisher
2999,Handy
312,Ward
3242,Jeff
3510,Nat
4028,Andrew
4043,Howard
4181,Rudolph
4287,Lyman
4846,Worth
5054,Herman
5459,Waldo
6250,Nick
6392,Otho
65,Ira
752,Billy
1415,Wilford
1524,Reginald
1736,Fredric
1756,Nellie
265,Vincent
2760,Ashley
2781,Eustace
2993,Garnet
3205,Curtis
3212,Joel
331,Mary
3424,Lawson
3679,Antoine
3805,Arlington
4282,Ward
4645,Mortimer
4793,Elder
4803,Gardner
498,Raleigh
5373,Pat
5496,Verne
5559,Garland
5561,Helmer
5743,Morton
5775,Cassius
5796,Glover
580,Ellsworth
6299,Tommie
6404,Elza
6408,Herschel
762,Creed
1019,Charlie
121,Winfield
1270,Fletcher
1325,Freeman
1386,Truman
1573,Guss
1574,June
1632,Milford
1751,Lum
2135,Nelson
2461,Loyd
2706,Benedict
2878,Gideon
3575,Lafayette
3592,Turner
3638,Terry
3753,French
3775,Miller
4,George
4168,Jasper
4419,Hardy
4578,Dana
4673,Cornelious
4832,Ruffus
5393,Prince
5478,Wilmer
6052,Michael
6089,Stephen
6218,Irving
641,Archer
1075,Guy
1115,Levi
1720,Chalmer
1743,Helen
1949,Kyle
1993,Wilton
2208,Newton
252,Christian
2828,Titus
3710,Reese
3784,Pleasant
3839,Humphrey
3888,Wyatt
39,Tom
3932,Duke
4220,Joel
4254,Johnnie
426,Arther
4500,Tim
4671,Connie
4674,Emma
4676,Gideon
4908,Ignatz
5279,General
5402,Emmet
5661,Fernando
5715,Crawford
5825,Soloman
6010,Edward
6331,Clement
689,Carleton
746,Alf
795,Rose
855,Garry
882,Obed
1020,Clarence
1029,Willie
1176,Max
1198,Manuel
1233,Arch
1287,Louie
1458,Wm
1491,Harlan
1542,Ford
1614,Edith
1797,Bruno
210,Emanuel
2602,Richmond
2790,Gustaf
315,Omer
3297,Antonio
3363,King
3401,Adolphus
3418,Evert
3515,Rollie
3684,Barton
3916,Ceasar
3998,Meredith
4012,Walter
4074,Isaac
4082,Leonard
411,Isom
4183,Ike
4497,Lew
4691,Okey
4729,Ivy
4812,Humphrey
5006,Joseph
5038,Alfred
5089,Leroy
510,Isham
5266,Lucius
5875,Hobart
5903,Nim
6241,Vincent
6447,Thornton
784,Mal
871,Jessee
1189,Jeff
1352,Foster
1395,Arther
1503,Adrian
2432,Noble
2462,Miller
2750,Willam
2950,Ansel
2970,Dominick
3055,Ben
3271,Wilbert
3302,Mitchell
3554,Wheeler
400,Wilmer
4251,Glen
4428,Sol
4532,Jones
4872,Chesley
5070,Luther
5077,Alexander
5236,Gordon
5472,Lige
5771,Brady
5871,Garnett
6170,Reuben
62,Otto
6295,Jefferson
6398,Jonas
704,Florence
734,Russel
775,Hervey
883,Oda
1049,Bert
12,Walter
1525,Rich
2042,Ralph
2338,Henderson
2585,Ezekiel
2722,Gabe
3385,Freeman
339,Royal
3588,Sydney
4103,Milton
4234,Bennie
4396,Taylor
4413,Steven
4657,Turner
473,Horatio
4881,Dozier
5039,Elmer
5311,Alton
5485,Elza
5500,Bennett
5666,Harper
5706,Brice
5746,Norton
5801,Isidor
5867,Ernie
5928,Thos
5945,Atha
6097,Lester
618,Hosea
630,Sumner
6477,Dean
720,Marshal
1094,Dave
1166,Wilson
1330,Zack
1545,Johnson
1810,Ferd
2065,Jack
2154,Mark
2192,Bruce
2430,Coleman
2659,Burr
2727,Humphrey
3284,Earle
3434,Arther
3528,Allison
3635,Seymour
3776,Miner
3890,Zeno
3957,Harlan
4001,William
417,Merritt
4292,Mary
4410,Pink
4492,Fate
5163,Sylvester
5522,Beverly
557,Santiago
6000,John
6395,West
6439,Hosea
696,Dayton
83,Stephen
844,Drew
1511,Early
1670,Guadalupe
1687,Palmer
1795,Bird
2001,William
2039,Herbert
2087,Horace
2130,Norman
2316,Ward
2394,Lawson
333,Antonio
3547,Miguel
3586,Rodney
3613,Harper
3631,Price
3854,Maude
3893,Alec
4045,Herbert
4084,Harold
4171,Reuben
4306,Clay
4439,Hamilton
4482,Reginald
4597,Pierre
4816,Jimmy
4898,Gottlieb
518,Rex
5263,Cyrus
5477,Valentine
5813,Marshal
5851,Clell
5878,Ida
5942,Ancel
5944,Armand
721,Mart
735,Rutherford
764,Duke
875,Levy
887,Redden
915,Artie
109,Alonzo
1103,Leon
123,Lloyd
1784,Alvah
1853,Stonewall
2067,Guy
2089,Eddie
215,Cyrus
2241,Donald
2248,Cyrus
2292,Nick
2598,Oswald
2801,Lora
3007,Henry
3513,Pierre
3637,Soloman
3908,Blake
396,Lucien
4142,Hiram
4504,Bascom
4893,Elva
5093,Horace
5252,Enoch
5337,Morgan
5481,Benjaman
5489,Hal
5625,Merrill
5759,Thurman
5873,Helen
6102,Everett
6192,Steve
6256,Forest
900,Titus
954,Enrique
1025,Will
1197,Joel
1417,Alford
1553,Omar
1694,Sterling
1807,Dominick
2093,Clifford
2286,Ole
2343,Pedro
2404,Irwin
2551,Ernie
3292,Tony
3457,Valentine
3567,Drew
3614,Hector
4040,Ralph
4050,Michael
4321,Loyd
4435,Billie
4592,Merrill
4770,Antone
4955,Shep
5537,Lyle
5629,Orrin
5681,Okey
5740,Matthias
5810,Lum
5858,Dennie
587,Hezekiah
5964,Cleon
6082,Alexander
6267,Ferdinand
6346,Winfield
6382,Allie
6421,Irwin
690,Carrie
1026,Jesse
1083,Warren
1118,Wesley
1151,Noah
1246,Cyrus
13,Arthur
1350,Elliott
1588,Walton
1819,Hector
2408,Lafayette
249,Delbert
2785,Fernand
2796,Isreal
3024,Daniel
3413,Bertram
3499,Elie
3562,Chin
3754,Furman
3853,Manning
4010,Edward
4027,Will
4153,Nelson
4155,Willard
4213,Hubert
445,Erwin
4460,Mat
4486,Angus
4753,Tollie
4840,Thurston
5293,Neal
5695,Willam
5790,Eustace
5868,Fleet
602,Anson
676,Ramon
706,Harlan
810,Albion
996,Knute
1249,Major
1255,Taylor
1273,Green
1335,Evan
157,Willard
191,Columbus
2189,Garfield
2232,Glenn
2486,Ulysses
2517,Cicero
2558,Hamp
260,Tony
2963,Claudie
3749,Emma
4853,Ancel
4905,Hubbard
5235,Julian
5526,Everette
6080,Charley
6103,Willis
6107,Warren
6148,Elbert
6328,Sandy
14,Fred
1681,Manning
182,Timothy
21,Clarence
2158,Ellis
2166,Morris
2307,Carroll
2372,Judson
2469,Barton
2822,Rowland
3043,Tom
3102,Willis
3104,Eddie
3725,Bartholomew
3752,Finley
3886,Winston
4031,Daniel
4162,Claud
4710,Byrd
5281,Don
5290,Hans
6020,Joe
6105,Milton
6186,Sylvester
6400,Steven
831,Clemente
939,Crockett
1098,Sidney
1121,Jerry
1730,Elsworth
1846,Otha
2128,Noah
2137,Wallace
2427,Artie
264,Riley
2857,Clabe
2880,Hansford
3211,Cecil
3218,Ike
3324,Elliott
4152,Manuel
4178,Morris
4423,Merle
4475,Fritz
4718,Furman
5026,Will
508,Elzie
5095,Warren
5540,Pleasant
5784,Ellen
5946,Audie
6095,Alex
6260,Laurence
6275,Fletcher
6286,Preston
651,Finis
66,Patrick
662,Lafe
846,Elam
1101,Perry
1164,Reuben
1704,Wong
175,Emmett
2195,Nicholas
2207,Irving
2366,Josiah
2424,Valentine
2656,Beverly
3376,Lige
3427,Olin
3501,Garrett
3620,Lucious
4338,Isom
4463,Otho
4522,Buck
5108,Dave
5358,Fletcher
5655,Dana
5753,Sampson
5767,Bascom
5839,Alpheus
6009,Thomas
6371,Erwin
760,Clovis
771,Golden
91,Alex
94,Ray
1279,Gordon
137,Nelson
1618,Eric
2196,Augustus
2411,Ramon
2466,Troy
2730,Lindsey
3136,Phillip
3203,Wade
3260,Burton
3298,Chauncey
3762,Ivory
3829,Fernando
3938,Elwin
4233,Orville
469,Elmo
4857,Ashley
5126,Ross
5171,Gilbert
5319,Dudley
5335,Ivan
5548,Augustine
583,Gabe
5844,Berton
5900,Minnie
5994,Gaylord
6123,Matthew
72,Alexander
74,Floyd
767,Elliot
1517,Hezekiah
161,Wilbur
1615,Eldridge
1850,Sebastian
1885,Callie
2057,Edgar
2182,Sylvester
2227,Barney
2234,Abe
2239,Jackson
2503,Josh
2539,Axel
3006,Joseph
3216,Byron
3290,Jefferson
3470,Johnie
3719,Addie
3765,Lacy
3842,Isidor
4145,Noah
4207,Logan
4270,Chas
4420,Hosea
4600,Ronald
4798,Emmit
4918,Kelley
4987,Boston
5324,Ruben
5389,Milo
6060,Edgar
1073,Raymond
1219,Emanuel
1634,Olen
1649,Vivian
1719,Cass
1761,Pearlie
1913,Esequiel
2226,Vernon
2301,Jeremiah
2378,Emmet
2399,Carlos
2527,Lincoln
2548,Dora
2883,Hector
2990,Florencio
3571,Garland
3587,Stuart
392,Cal
4061,Raymond
4281,Van
4284,Dick
4426,Sid
4534,Mathias
4922,Lillian
5061,Ben
5296,Winfield
5371,Lafayette
637,Wong
677,Rice
758,Claus
884,Orren
923,Bartholomew
1292,Roland
151,Roscoe
1800,Carrie
1849,Rutherford
1873,Arlington
2173,Ollie
2542,Bertie
2848,Auther
2916,Orla
3045,Martin
3051,Jim
3073,Hugh
3479,Adrian
355,Elwood
3604,Cassius
3782,Paris
4079,August
4443,Norris
4455,Henderson
4543,Vance
4734,Love
489,Enos
5169,Irving
5260,Kenneth
5679,Minor
6230,Pete
661,Lacy
1102,Leo
1178,Emmett
1388,Al
1438,Rolla
1699,Tommy
2010,Edward
2159,Melvin
2518,Cleve
2769,Dale
2852,Birt
2907,Ludwig
3070,Guy
321,Ivan
367,Lafayette
3942,Erick
4447,Valentine
4790,Domingo
487,Dean
4952,Roby
5002,James
5047,Tom
5165,Felix
5322,Gustav
5429,Lem
5462,Albin
5826,Squire
5847,Chancy
6039,Frederick
6324,Al
6415,Wilmer
925,Bernie
1055,Ben
1480,Pedro
1631,Miguel
1776,Vance
1855,Thurman
2045,Jacob
2310,Burt
2406,Jimmie
2707,Bertha
2849,Bart
2983,Erie
3173,Marvin
3259,Major
3357,Vern
353,Johnnie
3648,Ashley
3767,Lenard
4387,Gabriel
4527,Cliff
4886,Eldon
5003,George
5016,Clarence
5461,Adelbert
5466,Eric
598,Williams
6063,Jack
6297,Bud
6456,Christ
791,Ples
809,Albin
1047,Earl
1142,Lester
1548,Loyd
1990,Weldon
2146,Moses
2216,Elias
2414,Wilmer
2429,Carey
262,Joel
3155,Eli
3163,Morris
3166,Manuel
3227,Sherman
3404,Carlton
3591,Tommy
4496,Johnny
4737,Mont
499,Reginald
5097,Cleveland
5185,Vernon
5504,Dell
5539,Mathias
5668,Hector
5916,Rafael
6391,Loyd
984,Irven
1153,Claud
129,Noah
1364,Earle
1366,Giles
1546,Len
1626,Lambert
2114,Harold
2472,Crawford
2499,Erastus
2515,Bryant
2651,Allison
2969,Dionicio
3416,Elza
368,Loren
3680,Armand
3845,June
4206,Harrison
4227,Clark
4501,Truman
4688,Oakley
4695,Reed
4795,Eliga
4849,Algie
5157,Abraham
5274,Major
5641,Alice
579,Early
5897,Merlin
5993,Garry
6276,Garfield
6298,Christian
6467,Thad
1333,Dewitt
1341,Ferdinand
1586,Soloman
1712,Ammon
2029,Sam
2620,Gaston
2698,Annie
3133,Elbert
3326,Jimmie
3477,Wilmer
378,Wash
3800,Algie
3937,Elva
4069,Floyd
4222,Millard
4329,Washington
4529,Ezekiel
4629,Ethan
4800,Ewald
4906,Hunter
5131,Nathan
5180,Hubert
5259,Ike
5270,Mary
529,Art
5363,Alvah
5379,Arther
5887,Lim
608,Denis
6265,Van
674,Park
76,Jack
942,Denver
1002,James
1125,Percy
1154,Cornelius
1522,Parker
1781,Alden
196,Pearl
2,James
2153,Claud
2194,Irvin
2655,Bessie
2704,Bailey
278,Taylor
2905,Littleton
2911,Maxwell
2937,Vester
2961,Callie
3040,Herbert
337,Josiah
3371,Bennie
3464,Elvin
3594,Wilburn
3611,Gene
3796,Wess
3989,Mac
4057,Chester
4072,Hugh
4097,Horace
4566,Squire
460,Rollin
5035,Earl
5143,Willard
5269,Lon
5292,Laurence
5390,Murray
5672,Jule
5864,Ella
6115,Emil
6301,Arch
6340,Emile
1662,Connie
1717,Burley
1928,Gustavus
1991,Wells
2003,George
2171,Clinton
2312,Archibald
2381,Johnie
2420,Neil
2451,Webster
2535,Pleasant
254,Jefferson
2639,Samual
2874,French
2972,Duff
3396,Walker
3448,Caleb
370,Mason
3966,Ingram
3977,Lesley
4052,Harvey
4223,Monroe
4442,Noble
4520,Bennett
5112,Earnest
5127,Wesley
5220,Clifton
5309,Forest
5449,Issac
5586,Ephraim
6205,Alva
6270,Ruben
6463,Milford
765,Eber
828,Candido
1091,Milton
1188,Harrison
1223,Glenn
1306,Donald
1493,Henderson
1537,Birt
1703,Wirt
1876,Author
192,Lon
1945,Julious
2081,Archie
2273,Edmond
2284,Isaiah
2525,Kelly
2534,Pleas
2590,Johnson
2800,Lemon
311,Sanford
3175,Virgil
3522,Tomas
3824,Eldridge
4106,Sidney
435,Melville
5164,Virgil
5594,Margaret
5601,Saul
5639,Young
590,Marcellus
655,Hamp
664,Llewellyn
848,Eliza
956,Esau
972,Hayden
1380,King
1619,Freddie
1647,Rube
2027,Oscar
226,Emery
2382,Kenneth
2509,Pierce
2647,Theron
2746,Tommie
2780,Ethan
2807,Marshal
2901,Leonidas
2973,Edson
324,Abner
340,Dick
3601,Bishop
3688,Burley
3696,Gustaf
3798,Ace
4268,Bruce
4375,Clement
4409,Olaf
4709,Bertha
4744,Pinkney
504,Benjamine
5372,Leland
5636,Tobe
569,Wylie
5705,Billy
6168,Melvin
6344,Malcolm
6443,Madison
693,Clare
80,Philip
814,Anastacio
817,Arlington
1362,Christ
1369,Lafayette
1373,Ruben
1498,Merritt
1975,Primus
2055,Francis
2536,Rex
2732,Malachi
301,Lyman
3215,Bruce
3403,Carey
3422,Jonathan
3685,Basil
3705,Odell
3750,Emmitt
4154,Phillip
4177,Wiley
4421,Judson
4538,Ramon
4561,Mahlon
4804,Gaston
4866,Burke
4966,Watt
5147,Wilbur
5544,Wilburn
5787,Epifanio
5953,Bradford
611,Elvin
6438,Hamilton
6466,Smith
6471,Anna
6472,Berry
6473,Carter
707,Hayes
717,Lionel
847,Elihu
1218,Solomon
1224,Johnnie
1310,Laurence
1324,Dallas
1409,Randolph
1803,Collie
1970,Nolan
2271,Karl
2295,Jefferson
2347,Hardy
2456,Cal
2678,Levy
2886,Hervey
3198,Clayton
3223,Nathaniel
3380,Abram
3974,Junious
4065,Ira
4316,Winfield
4325,Archibald
4649,Seymour
5176,Lonnie
532,Benjaman
5567,Mervin
5570,Perley
5634,Ted
5733,Howell
5893,Mannie
5952,Boyce
6311,Archibald
872,Joeseph
1156,Matthew
1222,Sherman
145,Maurice
1469,Gerald
1757,Oda
1840,Obe
2096,Dan
2112,Alvin
2276,Ambrose
2361,Lem
2483,Raleigh
2505,Mathias
2818,Rolland
2827,Terry
2838,Alberto
3013,Arthur
330,King
4141,Aaron
4794,Elie
50,Harvey
5046,Michael
5328,Freeman
5588,Gabriel
6482,Francisco
920,Babe
946,Edith
1532,Alton
1844,Orrie
1892,Coley
1933,Harvy
2040,Lee
2054,Ben
2076,Leonard
2203,Steve
2296,Ruben
2524,Jules
2677,Len
3199,Pearl
3239,Elias
332,Merton
4474,Frances
45,Michael
4854,Andres
4888,Eligah
4923,Linwood
4997,Chin
5004,Charles
5298,Ambrose
542,Evert
553,Norris
57,Ben
5793,Gary
5881,Josephus
6087,Marion
6137,Dennis
6306,Napoleon
861,Harrie
947,Elick
1691,Samual
1920,Fleming
2059,Chester
2078,Alexander
216,Miles
2398,Billie
3291,Mary
3443,Pink
4005,Frank
4411,Raleigh
4604,Tracy
4758,Wilton
4761,Woody
4768,Allison
4921,Lawyer
5188,Rudolph
522,West
5406,Nels
572,Baxter
5853,Colon
5869,Fleming
6145,Cornelius
6397,Hans
820,Asbury
881,Noble
918,Augusta
937,Chin
990,Judd
1001,William
119,Everett
1389,Carlos
1629,Margaret
1779,York
2117,Jess
2193,Byron
2317,Antonio
2543,Buck
2618,Evert
3277,Roland
3412,Benton
3419,Haywood
3573,Hilliard
3979,Lillie
3992,Manford
4180,Moses
4377,Evan
5086,Allen
5106,Milton
5750,Reese
5761,Wayman
6144,Adolph
6353,Neil
898,Stanton
1195,Monroe
1251,Chas
1329,Walker
1767,Quincy
2367,Laurence
2717,Eben
2854,Camille
3033,Willie
3093,Leroy
3120,Aaron
3552,Squire
3715,Shelby
3920,Chancy
4007,Thomas
4229,Matt
4379,Milo
438,Pleasant
5153,Cecil
5353,Sydney
5852,Colin
5877,Hoyt
5884,Laverne
5885,Lillard
5891,Lucas
5957,Cameron
6058,Edwin
6068,Theodore
6254,Solomon
6396,Clair
6474,Clara
699,Ephriam
